antecedentes,consecuentes,soporte antecedente,soporte consecuente,soporte,confianza,elevacion,representatividad,apalancamiento,conviccion,metrica_zhang,jaccard,certeza,kulczynski
frozenset({'Banana'}),frozenset({'Pan 100% Integral'}),0.2043,0.02645,0.00645,0.0315712187958883,1.193618858067614,1.0,0.0010462649999999,1.005288172858226,0.2038602839097356,0.0287561301827909,0.0052603551906819,0.137713775749551
frozenset({'Pan 100% Integral'}),frozenset({'Banana'}),0.02645,0.2043,0.00645,0.2438563327032136,1.1936188580676144,1.0,0.0010462649999999,1.05231325,0.1666186923188091,0.0287561301827909,0.049712621218064,0.137713775749551
frozenset({'Manzana Honeycrisp Orgánica'}),frozenset({'Bolsa de Plátanos Orgánicos'}),0.03625,0.16505,0.0096,0.2648275862068965,1.6045294529348473,1.0,0.0036169374999999,1.135719981238274,0.3909357436230004,0.0500782472613458,0.1195012709825696,0.1614958894378924
frozenset({'Bolsa de Plátanos Orgánicos'}),frozenset({'Manzana Honeycrisp Orgánica'}),0.16505,0.03625,0.0096,0.0581641926688882,1.6045294529348473,1.0,0.0036169374999999,1.023267529752332,0.4512417784498074,0.0500782472613458,0.0227384619132432,0.1614958894378924
frozenset({'Manzana Honeycrisp Orgánica'}),frozenset({'Banana'}),0.03625,0.2043,0.00765,0.2110344827586207,1.0329636943642715,1.0,0.0002441249999999,1.0085358391608392,0.0331120775158311,0.0328467153284671,0.0084635952728675,0.1242397083396627
frozenset({'Banana'}),frozenset({'Manzana Honeycrisp Orgánica'}),0.2043,0.03625,0.00765,0.0374449339207048,1.0329636943642715,1.0,0.0002441249999999,1.001241418764302,0.0401052717178362,0.0328467153284671,0.0012398795545575,0.1242397083396627
frozenset({'Manzana Honeycrisp Orgánica'}),frozenset({'Espinacas tiernas orgánicas'}),0.03625,0.10275,0.005,0.1379310344827586,1.342394496182566,1.0,0.0012753125,1.04081,0.2646562905317769,0.0373134328358209,0.0392098461774964,0.0932964174846883
frozenset({'Espinacas tiernas orgánicas'}),frozenset({'Manzana Honeycrisp Orgánica'}),0.10275,0.03625,0.005,0.048661800486618,1.3423944961825658,1.0,0.0012753125,1.013046675191816,0.2842713847868488,0.0373134328358209,0.0128786516073857,0.0932964174846883
frozenset({'Manzana Honeycrisp Orgánica'}),frozenset({'Aguacate Hass Orgánico'}),0.03625,0.0919,0.00625,0.1724137931034483,1.876102210048404,1.0,0.002918625,1.0972875,0.4845447470817121,0.0512715340442986,0.0886618137908251,0.1202112491088514
frozenset({'Aguacate Hass Orgánico'}),frozenset({'Manzana Honeycrisp Orgánica'}),0.0919,0.03625,0.00625,0.0680087051142546,1.876102210048404,1.0,0.002918625,1.0340761821366025,0.5142385199867857,0.0512715340442986,0.0329532608189412,0.1202112491088514
frozenset({'Manzana Honeycrisp Orgánica'}),frozenset({'Fresas Orgánicas'}),0.03625,0.1097,0.00665,0.1834482758620689,1.6722723414956149,1.0,0.0026733749999999,1.090316722972973,0.4171323249758637,0.0477386934673366,0.0828353092913276,0.1220340741206425
frozenset({'Fresas Orgánicas'}),frozenset({'Manzana Honeycrisp Orgánica'}),0.1097,0.03625,0.00665,0.060619872379216,1.6722723414956149,1.0,0.0026733749999999,1.0259425036390102,0.451545858918891,0.0477386934673366,0.0252865083052825,0.1220340741206425
frozenset({'Banana'}),frozenset({'Espárragos'}),0.2043,0.02745,0.00565,0.0276554087126774,1.0074830132122927,1.0,4.196499999999971e-05,1.0002112509438712,0.00933446478361,0.0249889429455992,0.0002112063263353,0.1167420941559744
frozenset({'Espárragos'}),frozenset({'Banana'}),0.02745,0.2043,0.00565,0.2058287795992714,1.0074830132122927,1.0,4.196499999999971e-05,1.001925,0.0076370712336831,0.0249889429455992,0.0019213014946228,0.1167420941559744
frozenset({'Coliflor Fresca'}),frozenset({'Bolsa de Plátanos Orgánicos'}),0.02875,0.16505,0.0063,0.2191304347826086,1.3276609196159266,1.0,0.0015548124999999,1.0692566815144764,0.2541010398153255,0.0336,0.0647708662585887,0.1286503431107833
frozenset({'Bolsa de Plátanos Orgánicos'}),frozenset({'Coliflor Fresca'}),0.16505,0.02875,0.0063,0.0381702514389578,1.3276609196159266,1.0,0.0015548124999999,1.009794094488189,0.2955813341165757,0.0336,0.0096991005806516,0.1286503431107833
frozenset({'Col rizada orgánica de Michigan'}),frozenset({'Bolsa de Plátanos Orgánicos'}),0.0289,0.16505,0.00545,0.1885813148788927,1.1425708262883534,1.0,0.0006800549999999,1.029000213219616,0.1284942168107858,0.0289124668435013,0.028182903022807,0.110800805879313
frozenset({'Bolsa de Plátanos Orgánicos'}),frozenset({'Col rizada orgánica de Michigan'}),0.16505,0.0289,0.00545,0.0330202968797334,1.1425708262883536,1.0,0.0006800549999999,1.0042609962406015,0.1494469536438757,0.0289124668435013,0.0042429171864209,0.110800805879313
frozenset({'Bolsa de Plátanos Orgánicos'}),frozenset({'Rúcula Bebé Orgánica'}),0.16505,0.03055,0.0051,0.0308997273553468,1.0114477039393408,1.0,5.772250000000024e-05,1.0003608783995,0.0135554670997089,0.026771653543307,0.000360748213262,0.0989195854452675
frozenset({'Rúcula Bebé Orgánica'}),frozenset({'Bolsa de Plátanos Orgánicos'}),0.03055,0.16505,0.0051,0.1669394435351882,1.0114477039393408,1.0,5.772250000000024e-05,1.0022680746561885,0.0116748024703718,0.026771653543307,0.0022629421344849,0.0989195854452675
frozenset({'Zanahorias pequeñas orgánicas'}),frozenset({'Bolsa de Plátanos Orgánicos'}),0.03355,0.16505,0.0074,0.2205663189269746,1.3363606114933333,1.0,0.0018625724999999,1.071226481835564,0.2604366356112436,0.0387029288702928,0.0664905909658957,0.132700608721288
frozenset({'Bolsa de Plátanos Orgánicos'}),frozenset({'Zanahorias pequeñas orgánicas'}),0.16505,0.03355,0.0074,0.0448348985156013,1.3363606114933333,1.0,0.0018625724999999,1.0118146051379635,0.3014539630953787,0.0387029288702928,0.0116766501273747,0.132700608721288
frozenset({'Espinacas tiernas orgánicas'}),frozenset({'Bolsa de Plátanos Orgánicos'}),0.10275,0.16505,0.02235,0.2175182481751824,1.3178930516521203,1.0,0.0053911125,1.0670536380597015,0.268835984673527,0.0910572418007741,0.0628399882330468,0.1764658796162189
frozenset({'Bolsa de Plátanos Orgánicos'}),frozenset({'Espinacas tiernas orgánicas'}),0.16505,0.10275,0.02235,0.1354135110572553,1.3178930516521203,1.0,0.0053911125,1.0377793447792572,0.2888952479170276,0.0910572418007741,0.0364040245831767,0.1764658796162189
frozenset({'Bolsa de Plátanos Orgánicos'}),frozenset({'Pera Bartlett Orgánica'}),0.16505,0.0167,0.00505,0.030596788851863,1.8321430450217409,1.0,0.002293665,1.01433540625,0.5439739973757841,0.0285795132993774,0.0141328067241564,0.1664959992163507
frozenset({'Pera Bartlett Orgánica'}),frozenset({'Bolsa de Plátanos Orgánicos'}),0.0167,0.16505,0.00505,0.3023952095808383,1.8321430450217409,1.0,0.002293665,1.1968811158798285,0.461904900954857,0.0285795132993774,0.1644951309429766,0.1664959992163507
frozenset({'Moras Orgánicas'}),frozenset({'Bolsa de Plátanos Orgánicos'}),0.0277,0.16505,0.00545,0.1967509025270758,1.1920684794127587,1.0,0.000878115,1.0394658426966292,0.1657122476073474,0.0290977042178323,0.0379674262256133,0.1148855997034046
frozenset({'Bolsa de Plátanos Orgánicos'}),frozenset({'Moras Orgánicas'}),0.16505,0.0277,0.00545,0.0330202968797334,1.1920684794127587,1.0,0.000878115,1.0055019736842106,0.1929720562292639,0.0290977042178323,0.0054718676126025,0.1148855997034046
frozenset({'Arándanos Orgánicos'}),frozenset({'Bolsa de Plátanos Orgánicos'}),0.04195,0.16505,0.00935,0.2228843861740167,1.3504052479492077,1.0,0.0024261525,1.0744218558282208,0.2708434328084537,0.0473058436630407,0.0692668856506577,0.139766943162743
frozenset({'Bolsa de Plátanos Orgánicos'}),frozenset({'Arándanos Orgánicos'}),0.16505,0.04195,0.00935,0.0566495001514692,1.3504052479492077,1.0,0.0024261525,1.015582225433526,0.3107749575449297,0.0473058436630407,0.0153431450879069,0.139766943162743
frozenset({'Bolsa de Plátanos Orgánicos'}),frozenset({'Cilantro Orgánico'}),0.16505,0.029,0.00645,0.0390790669494092,1.3475540327382507,1.0,0.0016635499999999,1.0104889659520806,0.308898411500294,0.0343816631130063,0.0103800895462505,0.1307464300264287
frozenset({'Cilantro Orgánico'}),frozenset({'Bolsa de Plátanos Orgánicos'}),0.029,0.16505,0.00645,0.2224137931034482,1.3475540327382507,1.0,0.0016635499999999,1.073771618625277,0.2656176402494032,0.0343816631130063,0.0687032673854102,0.1307464300264287
frozenset({'Pepino Orgánico'}),frozenset({'Bolsa de Plátanos Orgánicos'}),0.03295,0.16505,0.0093,0.2822458270106221,1.7100625689828666,1.0,0.0038616024999999,1.1632812896405915,0.4293739468164181,0.0492845786963433,0.1403626887964813,0.1692961943293038
frozenset({'Bolsa de Plátanos Orgánicos'}),frozenset({'Pepino Orgánico'}),0.16505,0.03295,0.0093,0.0563465616479854,1.7100625689828666,1.0,0.0038616024999999,1.024793595505618,0.4973065156821572,0.0492845786963433,0.0241937455643301,0.1692961943293038
frozenset({'Bolsa de Plátanos Orgánicos'}),"frozenset({""Organic D'Anjou Pears""})",0.16505,0.0214,0.0061,0.0369584974250227,1.727032589954333,1.0,0.00256793,1.0161555835168292,0.5041884318193198,0.0338231217077904,0.0158987302524246,0.1610026131984926
"frozenset({""Organic D'Anjou Pears""})",frozenset({'Bolsa de Plátanos Orgánicos'}),0.0214,0.16505,0.0061,0.2850467289719626,1.7270325899543328,1.0,0.00256793,1.1678385620915033,0.4301779390430625,0.0338231217077904,0.1437172632756005,0.1610026131984926
frozenset({'Bolsa de Plátanos Orgánicos'}),frozenset({'Manzanas Gala Ecológicas'}),0.16505,0.03295,0.00925,0.0560436231445016,1.7008686842033889,1.0,0.0038116024999999,1.0244647143774068,0.4935207319421943,0.0490066225165562,0.0238804851295193,0.1683859997361355
frozenset({'Manzanas Gala Ecológicas'}),frozenset({'Bolsa de Plátanos Orgánicos'}),0.03295,0.16505,0.00925,0.2807283763277693,1.7008686842033889,1.0,0.0038116024999999,1.1608271097046412,0.4261053049326665,0.0490066225165562,0.1385452737622244,0.1683859997361355
frozenset({'Bolsa de Plátanos Orgánicos'}),frozenset({'Ajo Orgánico'}),0.16505,0.04665,0.00975,0.0590730081793395,1.266302426138041,1.0,0.0020504175,1.0132029459111398,0.2518704482534653,0.0482792770487744,0.0130308996479148,0.1340381118067116
frozenset({'Ajo Orgánico'}),frozenset({'Bolsa de Plátanos Orgánicos'}),0.04665,0.16505,0.00975,0.2090032154340836,1.266302426138041,1.0,0.0020504175,1.055566869918699,0.2205897422449581,0.0482792770487744,0.0526417335577982,0.1340381118067116
frozenset({'Bolsa de Plátanos Orgánicos'}),frozenset({'Batata Granate Orgánica (Ñame)'}),0.16505,0.02405,0.00545,0.0330202968797334,1.372985317244633,1.0,0.0014805475,1.0092766134085214,0.3253609099264858,0.0296760141573645,0.0091913488188261,0.12981576174548
frozenset({'Batata Granate Orgánica (Ñame)'}),frozenset({'Bolsa de Plátanos Orgánicos'}),0.02405,0.16505,0.00545,0.2266112266112266,1.372985317244633,1.0,0.0014805475,1.079599327956989,0.2783545178985802,0.0296760141573645,0.0737304348897857,0.12981576174548
frozenset({'Bolsa de Plátanos Orgánicos'}),frozenset({'Raíz de jengibre orgánica'}),0.16505,0.0221,0.00535,0.0324144198727658,1.4667158313468698,1.0,0.0017023949999999,1.010659956167815,0.3811062613296559,0.0294279427942794,0.0105475200662294,0.1372479339182833
frozenset({'Raíz de jengibre orgánica'}),frozenset({'Bolsa de Plátanos Orgánicos'}),0.0221,0.16505,0.00535,0.2420814479638008,1.4667158313468698,1.0,0.0017023949999999,1.1016355223880596,0.3253959227908745,0.0294279427942794,0.0922587555707537,0.1372479339182833
frozenset({'Manzana Granny Smith Orgánica'}),frozenset({'Bolsa de Plátanos Orgánicos'}),0.0253,0.16505,0.0063,0.2490118577075099,1.508705590472644,1.0,0.002124235,1.1118018421052631,0.3459322445164243,0.0342298288508557,0.100559144508665,0.1435910545732339
frozenset({'Bolsa de Plátanos Orgánicos'}),frozenset({'Manzana Granny Smith Orgánica'}),0.16505,0.0253,0.0063,0.0381702514389578,1.508705590472644,1.0,0.002124235,1.0133810078740155,0.4038327549316232,0.0342298288508557,0.0132043207540349,0.1435910545732339
frozenset({'Bolsa de Plátanos Orgánicos'}),frozenset({'Tomates Uva Orgánicos'}),0.16505,0.0343,0.0059,0.0357467434110875,1.0421791081949725,1.0,0.000238785,1.0015003770028277,0.0484724042137913,0.0304988369087619,0.0014981292441623,0.1038792026093338
frozenset({'Tomates Uva Orgánicos'}),frozenset({'Bolsa de Plátanos Orgánicos'}),0.0343,0.16505,0.0059,0.1720116618075801,1.0421791081949725,1.0,0.000238785,1.0084079225352112,0.0419095308049136,0.0304988369087619,0.008337818800623,0.1038792026093338
frozenset({'Bolsa de Plátanos Orgánicos'}),frozenset({'Mitad y mitad orgánicas'}),0.16505,0.0337,0.0059,0.0357467434110875,1.0607342258482952,1.0,0.000337815,1.0021226201696514,0.0685750998994154,0.0305937256935442,0.0021181241965099,0.1054104636936743
frozenset({'Mitad y mitad orgánicas'}),frozenset({'Bolsa de Plátanos Orgánicos'}),0.0337,0.16505,0.0059,0.1750741839762611,1.0607342258482952,1.0,0.000337815,1.012151618705036,0.0592536268871126,0.0305937256935442,0.0120057296559807,0.1054104636936743
frozenset({'Aguacate Hass Orgánico'}),frozenset({'Bolsa de Plátanos Orgánicos'}),0.0919,0.16505,0.0261,0.2840043525571273,1.7207170709307928,1.0,0.010931905,1.1661383738601825,0.4612343738199542,0.1130604288499025,0.1424688335315017,0.2210691256878336
frozenset({'Bolsa de Plátanos Orgánicos'}),frozenset({'Aguacate Hass Orgánico'}),0.16505,0.0919,0.0261,0.1581338988185398,1.7207170709307926,1.0,0.010931905,1.0786750989564593,0.5016431341588125,0.1130604288499025,0.0729367898012772,0.2210691256878336
frozenset({'Bolsa de Plátanos Orgánicos'}),frozenset({'Kiwi orgánico'}),0.16505,0.0214,0.0066,0.0399878824598606,1.8685926383112448,1.0,0.00306793,1.0193621331650362,0.5567254072553791,0.036697247706422,0.0189943618024327,0.1741995487065658
frozenset({'Kiwi orgánico'}),frozenset({'Bolsa de Plátanos Orgánicos'}),0.0214,0.16505,0.0066,0.308411214953271,1.8685926383112452,1.0,0.00306793,1.2072925675675676,0.4750029417411391,0.036697247706422,0.1717003592469861,0.1741995487065658
frozenset({'Manzana Fuji Orgánica Grande Extra Fancy'}),frozenset({'Bolsa de Plátanos Orgánicos'}),0.03185,0.16505,0.0106,0.3328100470957613,2.016419552231211,1.0,0.0053431574999999,1.2514427058823527,0.5206543017757072,0.0568974771873322,0.2009222673163199,0.1985165049171627
frozenset({'Bolsa de Plátanos Orgánicos'}),frozenset({'Manzana Fuji Orgánica Grande Extra Fancy'}),0.16505,0.03185,0.0106,0.064222962738564,2.0164195522312105,1.0,0.0053431574999999,1.0345947393978634,0.6037145484929048,0.0568974771873322,0.0334379618226143,0.1985165049171627
frozenset({'Limón Orgánico'}),frozenset({'Bolsa de Plátanos Orgánicos'}),0.03955,0.16505,0.0106,0.2680151706700379,1.6238422942746922,1.0,0.0040722725,1.1406657167530223,0.3999965130338864,0.0546391752577319,0.1233189660099861,0.166119066704301
frozenset({'Bolsa de Plátanos Orgánicos'}),frozenset({'Limón Orgánico'}),0.16505,0.03955,0.0106,0.064222962738564,1.623842294274692,1.0,0.0040722725,1.0263662835869214,0.4601193495938634,0.0546391752577319,0.0256889611521308,0.166119066704301
frozenset({'Naranja Ombligo Orgánica'}),frozenset({'Bolsa de Plátanos Orgánicos'}),0.0178,0.16505,0.0063,0.3539325842696629,2.1443961482560616,1.0,0.00336211,1.292357391304348,0.5433397006396395,0.0356839422259983,0.2262202338698879,0.1960514178543104
frozenset({'Bolsa de Plátanos Orgánicos'}),frozenset({'Naranja Ombligo Orgánica'}),0.16505,0.0178,0.0063,0.0381702514389578,2.1443961482560616,1.0,0.00336211,1.0211786456692913,0.6391619306165088,0.0356839422259983,0.0207394129901831,0.1960514178543104
frozenset({'Bolsa de Plátanos Orgánicos'}),frozenset({'Frambuesas Orgánicas'}),0.16505,0.05995,0.0184,0.1114813692820357,1.859572465088169,1.0,0.0085052525,1.057996948516877,0.5536163646872893,0.0890609874152952,0.0548176897846239,0.209201902322419
frozenset({'Frambuesas Orgánicas'}),frozenset({'Bolsa de Plátanos Orgánicos'}),0.05995,0.16505,0.0184,0.3069224353628023,1.859572465088169,1.0,0.0085052525,1.2046992178098677,0.4917206358126186,0.0890609874152952,0.1699172829065241,0.209201902322419
frozenset({'Bolsa de Plátanos Orgánicos'}),frozenset({'Pimiento Rojo Orgánico'}),0.16505,0.0254,0.00575,0.0348379279006361,1.371571964591975,1.0,0.00155773,1.0097785938480854,0.3244620219383093,0.0311315646995127,0.0096838989335482,0.1306079403282708
frozenset({'Pimiento Rojo Orgánico'}),frozenset({'Bolsa de Plátanos Orgánicos'}),0.0254,0.16505,0.00575,0.2263779527559055,1.3715719645919753,1.0,0.00155773,1.0792737913486006,0.2779700033012429,0.0311315646995127,0.0734510482734361,0.1306079403282708
frozenset({'Bolsa de Plátanos Orgánicos'}),frozenset({'Cebolla Roja Orgánica'}),0.16505,0.02595,0.00535,0.0324144198727658,1.2491105923994537,1.0,0.0010669524999999,1.0066809799624294,0.2388530736352782,0.0288176676541879,0.0066366406989023,0.1192900615741478
frozenset({'Cebolla Roja Orgánica'}),frozenset({'Bolsa de Plátanos Orgánicos'}),0.02595,0.16505,0.00535,0.2061657032755298,1.249110592399454,1.0,0.0010669524999999,1.0517938106796116,0.2047434667951086,0.0288176676541879,0.049243311905539,0.1192900615741478
frozenset({'Bolsa de Plátanos Orgánicos'}),frozenset({'Apio en manojo pequeño ecológico'}),0.16505,0.02845,0.00655,0.0396849439563768,1.394901369292684,1.0,0.0018543275,1.0116992271293377,0.3390663334505105,0.0350361059106713,0.0115639379922565,0.1349567074790671
frozenset({'Apio en manojo pequeño ecológico'}),frozenset({'Bolsa de Plátanos Orgánicos'}),0.02845,0.16505,0.00655,0.2302284710017574,1.394901369292684,1.0,0.0018543275,1.084672488584475,0.2913935825377013,0.0350361059106713,0.0780627235184831,0.1349567074790671
frozenset({'Fresas Orgánicas'}),frozenset({'Bolsa de Plátanos Orgánicos'}),0.1097,0.16505,0.0256,0.2333637192342753,1.413897117444867,1.0,0.007494015,1.0891083828775263,0.3288048533499943,0.1027493477824603,0.0818177366719866,0.1942341165089885
frozenset({'Bolsa de Plátanos Orgánicos'}),frozenset({'Fresas Orgánicas'}),0.16505,0.1097,0.0256,0.1551045137837019,1.413897117444867,1.0,0.007494015,1.0537397992111868,0.350601785660818,0.1027493477824603,0.0509991169085722,0.1942341165089885
frozenset({'Racimo de tomate orgánico'}),frozenset({'Bolsa de Plátanos Orgánicos'}),0.0273,0.16505,0.00695,0.2545787545787545,1.5424341386171134,1.0,0.0024441349999999,1.120104914004914,0.3615442589898472,0.0374865156418554,0.1072264861114492,0.1483436032815008
frozenset({'Bolsa de Plátanos Orgánicos'}),frozenset({'Racimo de tomate orgánico'}),0.16505,0.0273,0.00695,0.0421084519842471,1.5424341386171134,1.0,0.0024441349999999,1.015459424414927,0.4211918087543259,0.0374865156418554,0.0152240690698542,0.1483436032815008
frozenset({'Bolsa de Plátanos Orgánicos'}),frozenset({'Leche entera orgánica'}),0.16505,0.0569,0.0111,0.067252347773402,1.181939328179297,1.0,0.001708655,1.0110987658330626,0.1843617975721694,0.0526440597581218,0.0109769353975209,0.1311657169446974
frozenset({'Leche entera orgánica'}),frozenset({'Bolsa de Plátanos Orgánicos'}),0.0569,0.16505,0.0111,0.1950790861159929,1.181939328179297,1.0,0.001708655,1.0373068777292576,0.1632201069694442,0.0526440597581218,0.0359651309850805,0.1311657169446974
frozenset({'Bolsa de Plátanos Orgánicos'}),frozenset({'Queso En Hebras Ecológico'}),0.16505,0.02655,0.0066,0.0399878824598606,1.5061349325747888,1.0,0.0022179224999999,1.013997617544967,0.4024778293746495,0.0356756756756756,0.0138043889874781,0.1442877265406647
frozenset({'Queso En Hebras Ecológico'}),frozenset({'Bolsa de Plátanos Orgánicos'}),0.02655,0.16505,0.0066,0.2485875706214689,1.5061349325747888,1.0,0.0022179224999999,1.111174060150376,0.3452143033914054,0.0356756756756756,0.1000509858332462,0.1442877265406647
frozenset({'Bolsa de Plátanos Orgánicos'}),frozenset({'Cebolla Amarilla Orgánica'}),0.16505,0.04745,0.01055,0.0639200242350802,1.347102723605485,1.0,0.0027183775,1.0175946763754045,0.3086006512295058,0.0522406536271354,0.0172904563908249,0.1431296643830828
frozenset({'Cebolla Amarilla Orgánica'}),frozenset({'Bolsa de Plátanos Orgánicos'}),0.04745,0.16505,0.01055,0.2223393045310853,1.347102723605485,1.0,0.0027183775,1.0736687669376692,0.2705014054318155,0.0522406536271354,0.0686140541722083,0.1431296643830828
frozenset({'Bolsa de Plátanos Orgánicos'}),frozenset({'Calabacín Orgánico'}),0.16505,0.04185,0.00945,0.0572553771584368,1.3681093705719676,1.0,0.0025426575,1.0163409865038562,0.3222519740275295,0.0478602177766523,0.0160782520048393,0.14153091438567
frozenset({'Calabacín Orgánico'}),frozenset({'Bolsa de Plátanos Orgánicos'}),0.04185,0.16505,0.00945,0.2258064516129032,1.3681093705719676,1.0,0.0025426575,1.0784770833333333,0.2808164543279086,0.0478602177766523,0.0727665747804099,0.14153091438567
frozenset({'Bolsa de Plátanos Orgánicos'}),frozenset({'humus originales'}),0.16505,0.0317,0.0059,0.0357467434110875,1.127657520854497,1.0,0.0006679149999999,1.004196764059064,0.1355840855181625,0.0309143306261461,0.0041792248384669,0.1109333086140611
frozenset({'humus originales'}),frozenset({'Bolsa de Plátanos Orgánicos'}),0.0317,0.16505,0.0059,0.1861198738170347,1.1276575208544968,1.0,0.0006679149999999,1.0258881782945737,0.1169120439981305,0.0309143306261461,0.0252348928882384,0.1109333086140611
frozenset({'Bolsa de Plátanos Orgánicos'}),frozenset({'Uvas rojas sin semillas'}),0.16505,0.03435,0.0065,0.039382005452893,1.146492152922651,1.0,0.0008305324999999,1.0052383002207506,0.1530321944658132,0.0336962156557801,0.0052110034203832,0.1143052676463883
frozenset({'Uvas rojas sin semillas'}),frozenset({'Bolsa de Plátanos Orgánicos'}),0.03435,0.16505,0.0065,0.1892285298398835,1.146492152922651,1.0,0.0008305324999999,1.029821633752244,0.1323194022360387,0.0336962156557801,0.028958057176937,0.1143052676463883
frozenset({'Leche de almendras sin azúcar'}),frozenset({'Bolsa de Plátanos Orgánicos'}),0.0196,0.16505,0.00505,0.2576530612244898,1.5610606557072997,1.0,0.0018150199999999,1.124743642611684,0.3665951662485709,0.0281180400890868,0.1109085109581289,0.1441249250381764
frozenset({'Bolsa de Plátanos Orgánicos'}),frozenset({'Leche de almendras sin azúcar'}),0.16505,0.0196,0.00505,0.030596788851863,1.5610606557072997,1.0,0.0018150199999999,1.011343875,0.4304567950058075,0.0281180400890868,0.0112166348958211,0.1441249250381764
frozenset({'Peras Bartlett'}),frozenset({'Banana'}),0.01725,0.2043,0.00685,0.3971014492753623,1.9437173239126888,1.0,0.0033258249999999,1.319790865384615,0.494044159562675,0.0319049836981835,0.242304196651203,0.2153152865564281
frozenset({'Banana'}),frozenset({'Peras Bartlett'}),0.2043,0.01725,0.00685,0.0335291238374938,1.9437173239126888,1.0,0.0033258249999999,1.0168438845277286,0.6101821010559494,0.0319049836981835,0.0165648678071675,0.2153152865564281
frozenset({'arándanos'}),frozenset({'Banana'}),0.0254,0.2043,0.0075,0.2952755905511811,1.4453039185079837,1.0,0.00231078,1.1290938547486031,0.3161337984814283,0.0337533753375337,0.1143340336196821,0.1659931550406419
frozenset({'Banana'}),frozenset({'arándanos'}),0.2043,0.0254,0.0075,0.0367107195301027,1.4453039185079837,1.0,0.00231078,1.0117417682926828,0.3872112605253237,0.0337533753375337,0.0116054992100377,0.1659931550406419
frozenset({'Pechugas De Pollo Deshuesadas Y Sin Piel'}),frozenset({'Banana'}),0.02255,0.2043,0.0067,0.2971175166297117,1.4543197093965332,1.0,0.002093035,1.1320526813880123,0.3196002696629899,0.0304337951396774,0.1166488835361464,0.1649562130383018
frozenset({'Banana'}),frozenset({'Pechugas De Pollo Deshuesadas Y Sin Piel'}),0.2043,0.02255,0.0067,0.0327949094468918,1.4543197093965332,1.0,0.002093035,1.010592282388664,0.3926018393641945,0.0304337951396774,0.0104812619027999,0.1649562130383018
frozenset({'Corona de brócoli'}),frozenset({'Banana'}),0.01635,0.2043,0.00505,0.308868501529052,1.5118379908421535,1.0,0.0017096949999999,1.151300442477876,0.3441808217826815,0.0234230055658627,0.1314169932500339,0.1667935263396606
frozenset({'Banana'}),frozenset({'Corona de brócoli'}),0.2043,0.01635,0.00505,0.0247185511502692,1.5118379908421535,1.0,0.0017096949999999,1.0085806524466752,0.4254787801263474,0.0234230055658627,0.0085076512481769,0.1667935263396606
frozenset({'Cilantro machacado'}),frozenset({'Banana'}),0.01975,0.2043,0.005,0.2531645569620253,1.2391804060794191,1.0,0.000965075,1.065428813559322,0.1969038510584035,0.0228258388495777,0.0614107791404113,0.1388191849910469
frozenset({'Banana'}),frozenset({'Cilantro machacado'}),0.2043,0.01975,0.005,0.0244738130200685,1.2391804060794191,1.0,0.000965075,1.0048423231309584,0.2425725776046249,0.0228258388495777,0.0048189880337347,0.1388191849910469
frozenset({'Zanahorias'}),frozenset({'Banana'}),0.0313,0.2043,0.007,0.2236421725239616,1.0946753427506688,1.0,0.0006054099999999,1.0249139917695471,0.0892816587768585,0.0306211723534558,0.0243083731606907,0.1289527553760288
frozenset({'Banana'}),frozenset({'Zanahorias'}),0.2043,0.0313,0.007,0.0342633382280959,1.0946753427506688,1.0,0.0006054099999999,1.0030684744044602,0.1086931542756602,0.0306211723534558,0.0030590876722369,0.1289527553760288
frozenset({'Banana'}),"frozenset({'Clementinas, Bolsa'})",0.2043,0.0168,0.00575,0.0281448849730788,1.6752907722070718,1.0,0.00231776,1.0116734323847896,0.5065837572604925,0.0267007197585326,0.0115387357333999,0.1852033948674918
"frozenset({'Clementinas, Bolsa'})",frozenset({'Banana'}),0.0168,0.2043,0.00575,0.3422619047619047,1.6752907722070718,1.0,0.00231776,1.209752036199095,0.4099762974493225,0.0267007197585326,0.1733843216814185,0.1852033948674918
frozenset({'Banana'}),frozenset({'Kirby de pepino'}),0.2043,0.04235,0.01425,0.0697503671071953,1.6469980426728523,1.0,0.005597895,1.0294548539857933,0.4936970426569125,0.0613166953528399,0.0286120890797215,0.2031160336126295
frozenset({'Kirby de pepino'}),frozenset({'Banana'}),0.04235,0.2043,0.01425,0.3364817001180638,1.6469980426728523,1.0,0.005597895,1.1992133451957294,0.4102070034376915,0.0613166953528399,0.1661200202564581,0.2031160336126295
frozenset({'Banana'}),frozenset({'Mitad y mitad'}),0.2043,0.03015,0.00705,0.0345080763582966,1.1445464795454932,1.0,0.0008903549999999,1.0045138403041824,0.1587174680931282,0.0310026385224274,0.0044935571050127,0.1341694610647204
frozenset({'Mitad y mitad'}),frozenset({'Banana'}),0.03015,0.2043,0.00705,0.2338308457711442,1.1445464795454932,1.0,0.0008903549999999,1.0385435064935065,0.1302175484473909,0.0310026385224274,0.0371130398028707,0.1341694610647204
frozenset({'Banana'}),frozenset({'Manzana crujiente con miel'}),0.2043,0.0358,0.01235,0.0604503181595692,1.6885563731723257,1.0,0.00503606,1.0262363115394633,0.512477237214807,0.0542261251372118,0.0255655654009222,0.2027111925993377
frozenset({'Manzana crujiente con miel'}),frozenset({'Banana'}),0.0358,0.2043,0.01235,0.3449720670391061,1.6885563731723257,1.0,0.00503606,1.2147573560767588,0.4229186244055402,0.0542261251372118,0.1767903318324822,0.2027111925993377
frozenset({'Limón grande'}),frozenset({'Banana'}),0.0633,0.2043,0.01635,0.2582938388625592,1.2642870233115968,1.0,0.00341781,1.072796805111821,0.223166827129793,0.0650746268656716,0.0678570301150675,0.1691616037190916
frozenset({'Banana'}),frozenset({'Limón grande'}),0.2043,0.0633,0.01635,0.080029368575624,1.264287023311597,1.0,0.00341781,1.018184676775738,0.2627125386106285,0.0650746268656716,0.0178599002622227,0.1691616037190916
frozenset({'Banana'}),frozenset({'limas'}),0.2043,0.05845,0.01335,0.0653450807635829,1.1179654536113424,1.0,0.001408665,1.007377140612726,0.1326102520146913,0.0535284683239775,0.0073231169492676,0.1468727114681901
frozenset({'limas'}),frozenset({'Banana'}),0.05845,0.2043,0.01335,0.2284003421727972,1.1179654536113424,1.0,0.001408665,1.0312342572062083,0.1120683739876691,0.0535284683239775,0.0302882269357763,0.1468727114681901
frozenset({'Col rizada orgánica de Michigan'}),frozenset({'Banana'}),0.0289,0.2043,0.0061,0.2110726643598616,1.033150584238187,1.0,0.00019573,1.008584649122807,0.0330417930654945,0.026860413914575,0.0085115801933663,0.1204653581221726
frozenset({'Banana'}),frozenset({'Col rizada orgánica de Michigan'}),0.2043,0.0289,0.0061,0.0298580518844836,1.033150584238187,1.0,0.00019573,1.000987537840565,0.0403253553423422,0.026860413914575,0.0009865635717059,0.1204653581221726
frozenset({'Aguacate Orgánico'}),frozenset({'Banana'}),0.0752,0.2043,0.02255,0.2998670212765957,1.467777881921663,1.0,0.0071866399999999,1.136498385565052,0.3446128940685443,0.0877602646429266,0.1201043374093197,0.2051219589985524
frozenset({'Banana'}),frozenset({'Aguacate Orgánico'}),0.2043,0.0752,0.02255,0.110376896720509,1.467777881921663,1.0,0.0071866399999999,1.039541348005502,0.4005253291876207,0.0877602646429266,0.0380373018171594,0.2051219589985524
frozenset({'Zanahorias pequeñas orgánicas'}),frozenset({'Banana'}),0.03355,0.2043,0.00745,0.2220566318926974,1.0869144977616123,1.0,0.0005957349999999,1.0228250957854406,0.0827403689070321,0.0323350694444444,0.0223157369519887,0.1292613066462997
frozenset({'Banana'}),frozenset({'Zanahorias pequeñas orgánicas'}),0.2043,0.03355,0.00745,0.0364659813999021,1.0869144977616123,1.0,0.0005957349999999,1.0030263398526795,0.1004957013072781,0.0323350694444444,0.0030172087535848,0.1292613066462997
frozenset({'Espinacas tiernas orgánicas'}),frozenset({'Banana'}),0.10275,0.2043,0.0226,0.2199513381995133,1.0766095849217492,1.0,0.0016081749999999,1.0200645664379289,0.0793069778107639,0.0794515732114607,0.0196698984535796,0.1652864865251115
frozenset({'Banana'}),frozenset({'Espinacas tiernas orgánicas'}),0.2043,0.10275,0.0226,0.1106216348507097,1.0766095849217494,1.0,0.0016081749999999,1.0088507154650523,0.08942841000466,0.0794515732114607,0.0087730675404956,0.1652864865251115
frozenset({'Moras Orgánicas'}),frozenset({'Banana'}),0.0277,0.2043,0.00615,0.2220216606498195,1.0867433218297575,1.0,0.0004908899999999,1.0227791183294663,0.0820935022062346,0.0272304626964799,0.0222717866656019,0.1260622253322519
frozenset({'Banana'}),frozenset({'Moras Orgánicas'}),0.2043,0.0277,0.00615,0.0301027900146842,1.0867433218297575,1.0,0.0004908899999999,1.0024773656320969,0.1003135757133617,0.0272304626964799,0.0024712434584843,0.1260622253322519
"frozenset({""Organic D'Anjou Pears""})",frozenset({'Banana'}),0.0214,0.2043,0.0052,0.2429906542056074,1.189381567330433,1.0,0.0008279799999999,1.05110987654321,0.1627088933955886,0.0235827664399092,0.0486246753872156,0.1342217098732393
frozenset({'Banana'}),"frozenset({""Organic D'Anjou Pears""})",0.2043,0.0214,0.0052,0.0254527655408712,1.189381567330433,1.0,0.0008279799999999,1.0041586137619287,0.2001092410166181,0.0235827664399092,0.0041413913150125,0.1342217098732393
frozenset({'Banana'}),frozenset({'Manzana Fuji orgánica'}),0.2043,0.03825,0.0142,0.0695056289769946,1.8171406268495325,1.0,0.006385525,1.0335903471856918,0.5651437214464367,0.0621852419531421,0.0324987044211017,0.220373729521177
frozenset({'Manzana Fuji orgánica'}),frozenset({'Banana'}),0.03825,0.2043,0.0142,0.3712418300653595,1.8171406268495325,1.0,0.006385525,1.265510395010395,0.4675693882557106,0.0621852419531421,0.2098049893997228,0.220373729521177
frozenset({'Manzanas Gala Ecológicas'}),frozenset({'Banana'}),0.03295,0.2043,0.0075,0.2276176024279211,1.1141341283794473,1.0,0.0007683149999999,1.0301891944990176,0.1059324750529961,0.0326441784548422,0.0293045148019618,0.1321641609790119
frozenset({'Banana'}),frozenset({'Manzanas Gala Ecológicas'}),0.2043,0.03295,0.0075,0.0367107195301027,1.1141341283794473,1.0,0.0007683149999999,1.0039040396341463,0.1287445016966192,0.0326441784548422,0.0038888573808001,0.1321641609790119
frozenset({'Manzana Granny Smith Orgánica'}),frozenset({'Banana'}),0.0253,0.2043,0.0056,0.2213438735177865,1.0834257147224011,1.0,0.0004312099999999,1.0218888324873097,0.0790004983218278,0.0249999999999999,0.0214199742588746,0.1243772720501316
frozenset({'Banana'}),frozenset({'Manzana Granny Smith Orgánica'}),0.2043,0.0253,0.0056,0.0274106705824767,1.0834257147224011,1.0,0.0004312099999999,1.0021701560140917,0.0967723837052729,0.0249999999999999,0.0021654566353511,0.1243772720501316
frozenset({'Tomates Uva Orgánicos'}),frozenset({'Banana'}),0.0343,0.2043,0.00725,0.2113702623906705,1.034607255950419,1.0,0.00024251,1.008965249537893,0.0346377292869564,0.0313377998703263,0.008885588023967,0.1234286456348849
frozenset({'Banana'}),frozenset({'Tomates Uva Orgánicos'}),0.2043,0.0343,0.00725,0.0354870288790993,1.034607255950419,1.0,0.00024251,1.0012307028672929,0.042038023340975,0.0313377998703263,0.0012291900995126,0.1234286456348849
frozenset({'Zanahorias Baby enteras peladas ecológicas'}),frozenset({'Banana'}),0.0233,0.2043,0.0068,0.2918454935622317,1.4285144080383343,1.0,0.0020398099999999,1.1236248484848483,0.3071281445925354,0.0307971014492753,0.1100232418778832,0.1625649396347624
frozenset({'Banana'}),frozenset({'Zanahorias Baby enteras peladas ecológicas'}),0.2043,0.0233,0.0068,0.0332843857072931,1.4285144080383343,1.0,0.0020398099999999,1.0103281518987342,0.3769914023168648,0.0307971014492753,0.0102225716261832,0.1625649396347624
frozenset({'Fresas Orgánicas'}),frozenset({'Banana'}),0.1097,0.2043,0.0239,0.2178669097538742,1.0664068025152922,1.0,0.0014882899999999,1.0173460372960372,0.0699444548097886,0.082385384350224,0.0170502824605683,0.1674258679949009
frozenset({'Banana'}),frozenset({'Fresas Orgánicas'}),0.2043,0.1097,0.0239,0.1169848262359275,1.0664068025152922,1.0,0.0014882899999999,1.0082499445676274,0.0782600830930687,0.082385384350224,0.0081824398920898,0.1674258679949009
frozenset({'Banana'}),frozenset({'Leche entera orgánica'}),0.2043,0.0569,0.01305,0.0638766519823788,1.1226125128713331,1.0,0.00142533,1.007452705882353,0.1372636542103462,0.0525891597823896,0.0073975739395385,0.1466131941809961
frozenset({'Leche entera orgánica'}),frozenset({'Banana'}),0.0569,0.2043,0.01305,0.2293497363796133,1.1226125128713331,1.0,0.00142533,1.032504675028506,0.1158102954672595,0.0525891597823896,0.0314813829076452,0.1466131941809961
frozenset({'Banana'}),frozenset({'Queso En Hebras Ecológico'}),0.2043,0.02655,0.0067,0.0327949094468918,1.2352131618415,1.0,0.0012758349999999,1.0064566548582996,0.2393152373109942,0.0298906981931742,0.006415233907126,0.1425744792055551
frozenset({'Queso En Hebras Ecológico'}),frozenset({'Banana'}),0.02655,0.2043,0.0067,0.2523540489642185,1.2352131618415,1.0,0.0012758349999999,1.0642738035264483,0.1956167592874396,0.0298906981931742,0.0603921691142622,0.1425744792055551
frozenset({'Banana'}),frozenset({'humus originales'}),0.2043,0.0317,0.0088,0.0430739109153206,1.358798451587401,1.0,0.00232369,1.0118858823529413,0.3318533138345882,0.0387323943661971,0.011746267598183,0.1603382172873133
frozenset({'humus originales'}),frozenset({'Banana'}),0.0317,0.2043,0.0088,0.277602523659306,1.358798451587401,1.0,0.00232369,1.1014711790393013,0.2727002807169078,0.0387323943661971,0.0921233174051854,0.1603382172873133
frozenset({'Banana'}),frozenset({'Pimientos rojos'}),0.2043,0.0233,0.0064,0.0313264806656877,1.344484148741962,1.0,0.00163981,1.0082860535624052,0.3220061738092246,0.0289330922242314,0.0082179591130211,0.1530022961268352
frozenset({'Pimientos rojos'}),frozenset({'Banana'}),0.0233,0.2043,0.0064,0.2746781115879828,1.344484148741962,1.0,0.00163981,1.0970301775147928,0.2623326635609706,0.0289330922242314,0.0884480477415895,0.1530022961268352
frozenset({'Tomate de rama roja'}),frozenset({'Banana'}),0.02235,0.2043,0.0063,0.2818791946308725,1.3797317407286955,1.0,0.001733895,1.1080308411214954,0.2815132497022744,0.0285908781484002,0.0974980452819812,0.1563580995180794
frozenset({'Banana'}),frozenset({'Tomate de rama roja'}),0.2043,0.02235,0.0063,0.0308370044052863,1.3797317407286955,1.0,0.001733895,1.0087570454545456,0.3458859225479811,0.0285908781484002,0.0086810253212155,0.1563580995180794
frozenset({'Banana'}),frozenset({'Uvas rojas sin semillas'}),0.2043,0.03435,0.01065,0.0521292217327459,1.5175901523361268,1.0,0.003632295,1.0187570100697134,0.4286295882622618,0.0467105263157894,0.0184116623339159,0.1810864449275083
frozenset({'Uvas rojas sin semillas'}),frozenset({'Banana'}),0.03435,0.2043,0.01065,0.3100436681222707,1.5175901523361268,1.0,0.003632295,1.1532613924050632,0.3531927337858248,0.0467105263157894,0.1328938898105702,0.1810864449275083
frozenset({'Aguacate Hass Pequeño'}),frozenset({'Banana'}),0.02135,0.2043,0.00625,0.2927400468384075,1.4328930339618575,1.0,0.0018881949999999,1.125046026490066,0.308701987431666,0.0284867821330902,0.1111474762327604,0.1616661565567465
frozenset({'Banana'}),frozenset({'Aguacate Hass Pequeño'}),0.2043,0.02135,0.00625,0.0305922662750856,1.4328930339618575,1.0,0.0018881949999999,1.009533930825549,0.3796797788111096,0.0284867821330902,0.0094438933991576,0.1616661565567465
frozenset({'Pomelo con agua con gas'}),frozenset({'Banana'}),0.03325,0.2043,0.0072,0.2165413533834586,1.0599185187638698,1.0,0.0004070249999999,1.0156247600767754,0.0584755624515126,0.0312567831560668,0.0153843827868023,0.1258918220661786
frozenset({'Banana'}),frozenset({'Pomelo con agua con gas'}),0.2043,0.03325,0.0072,0.0352422907488986,1.0599185187638698,1.0,0.0004070249999999,1.0020650684931507,0.0710459343973858,0.0312567831560668,0.0020608127736215,0.1258918220661786
frozenset({'fresas'}),frozenset({'Banana'}),0.0625,0.2043,0.0178,0.2848,1.3940283896231032,1.0,0.0050312499999999,1.1125559284116329,0.3014981273408239,0.0714859437751004,0.1011687822043483,0.1859633871757219
frozenset({'Banana'}),frozenset({'fresas'}),0.2043,0.0625,0.0178,0.0871267743514439,1.3940283896231032,1.0,0.0050312499999999,1.0269772117962466,0.3552274656051558,0.0714859437751004,0.0262685593082068,0.1859633871757219
frozenset({'Banana'}),frozenset({'Cebollas Amarillas'}),0.2043,0.0307,0.00875,0.0428291727851199,1.3950870614045578,1.0,0.00247799,1.0126718997698798,0.3559115962584606,0.0386740331491712,0.0125133320799751,0.1639227297150355
frozenset({'Cebollas Amarillas'}),frozenset({'Banana'}),0.0307,0.2043,0.00875,0.2850162866449511,1.3950870614045576,1.0,0.00247799,1.1128924829157174,0.2921684278787342,0.0386740331491712,0.1014406015394635,0.1639227297150355
frozenset({'Cilantro machacado'}),frozenset({'limas'}),0.01975,0.05845,0.00585,0.2962025316455696,5.067622440471679,1.0,0.0046956125,1.3378138489208633,0.8188409114193352,0.0808569454042847,0.2525118492332533,0.1981440374224426
frozenset({'limas'}),frozenset({'Cilantro machacado'}),0.05845,0.01975,0.00585,0.1000855431993156,5.067622440471679,1.0,0.0046956125,1.0892701996197718,0.852497268778932,0.0808569454042847,0.0819541374132269,0.1981440374224426
frozenset({'Espinacas tiernas orgánicas'}),frozenset({'Zanahorias'}),0.10275,0.0313,0.0055,0.0535279805352798,1.710159122532901,1.0,0.0022839249999999,1.023485089974293,0.4628131411636565,0.042784908595877,0.0229461964852687,0.1146234151877676
frozenset({'Zanahorias'}),frozenset({'Espinacas tiernas orgánicas'}),0.0313,0.10275,0.0055,0.1757188498402555,1.710159122532901,1.0,0.0022839249999999,1.0885242248062017,0.4286766707020655,0.042784908595877,0.0813249928562335,0.1146234151877676
frozenset({'Zanahorias'}),frozenset({'Cebolla Amarilla Orgánica'}),0.0313,0.04745,0.00505,0.1613418530351437,3.4002498005299,1.0,0.003564815,1.1358024761904764,0.7287126668690406,0.0685210312075983,0.1195652228598433,0.1338848358958648
frozenset({'Cebolla Amarilla Orgánica'}),frozenset({'Zanahorias'}),0.04745,0.0313,0.00505,0.1064278187565858,3.4002498005299,1.0,0.003564815,1.0840758254716982,0.7410676189134844,0.0685210312075983,0.0775552996351665,0.1338848358958648
frozenset({'Limón grande'}),frozenset({'Kirby de pepino'}),0.0633,0.04235,0.0065,0.1026856240126382,2.4246900593303007,1.0,0.003819245,1.0672402288732394,0.6272831790820474,0.0655572365103378,0.0630038364879008,0.1280842523841231
frozenset({'Kirby de pepino'}),frozenset({'Limón grande'}),0.04235,0.0633,0.0065,0.153482880755608,2.424690059330301,1.0,0.003819245,1.106534030683403,0.613560438412942,0.0655572365103378,0.0962772293750486,0.1280842523841231
frozenset({'Aguacate Orgánico'}),frozenset({'Kirby de pepino'}),0.0752,0.04235,0.00735,0.0977393617021276,2.307895199577985,1.0,0.00416528,1.0613895357406042,0.6127862909869831,0.0666969147005444,0.0578388364247143,0.135646540355196
frozenset({'Kirby de pepino'}),frozenset({'Aguacate Orgánico'}),0.04235,0.0752,0.00735,0.1735537190082644,2.307895199577985,1.0,0.00416528,1.119008,0.5917660543045601,0.0666969147005444,0.1063513397580714,0.135646540355196
frozenset({'Espinacas tiernas orgánicas'}),frozenset({'Kirby de pepino'}),0.10275,0.04235,0.0073,0.0710462287104622,1.6775968998928523,1.0,0.0029485375,1.0308909114719749,0.4501635514910477,0.0529753265602322,0.0299652573596431,0.1217096550872264
frozenset({'Kirby de pepino'}),frozenset({'Espinacas tiernas orgánicas'}),0.04235,0.10275,0.0073,0.1723730814639905,1.677596899892852,1.0,0.0029485375,1.084123751783167,0.4217712594114161,0.0529753265602322,0.0775960785332856,0.1217096550872264
frozenset({'Fresas Orgánicas'}),frozenset({'Kirby de pepino'}),0.1097,0.04235,0.0058,0.0528714676390154,1.248440794309693,1.0,0.0011542049999999,1.0111088065447549,0.2235211300336576,0.0396581196581196,0.0109867567890309,0.0949127113873944
frozenset({'Kirby de pepino'}),frozenset({'Fresas Orgánicas'}),0.04235,0.1097,0.0058,0.1369539551357733,1.248440794309693,1.0,0.0011542049999999,1.0315787961696306,0.2078012447856371,0.0396581196581196,0.0306121028145269,0.0949127113873944
frozenset({'Coliflor Fresca'}),frozenset({'Espinacas tiernas orgánicas'}),0.02875,0.10275,0.0052,0.1808695652173912,1.7602877393420078,1.0,0.0022459374999999,1.0953688959660297,0.4446960696960697,0.0411718131433095,0.0870655505348468,0.115738918861737
frozenset({'Espinacas tiernas orgánicas'}),frozenset({'Coliflor Fresca'}),0.10275,0.02875,0.0052,0.0506082725060827,1.7602877393420078,1.0,0.0022459374999999,1.02302344951307,0.4813720342070857,0.0411718131433095,0.0225052998775626,0.115738918861737
frozenset({'Fresas Orgánicas'}),frozenset({'Manzana crujiente con miel'}),0.1097,0.0358,0.0055,0.0501367365542388,1.4004675015150512,1.0,0.0015727399999999,1.0150934740882915,0.3211869339242134,0.0392857142857142,0.0148690484901875,0.1018840107352199
frozenset({'Manzana crujiente con miel'}),frozenset({'Fresas Orgánicas'}),0.0358,0.1097,0.0055,0.1536312849162011,1.4004675015150512,1.0,0.0015727399999999,1.051905610561056,0.2965699307951951,0.0392857142857142,0.0493443613570719,0.1018840107352199
frozenset({'Limón grande'}),frozenset({'limas'}),0.0633,0.05845,0.0114,0.1800947867298578,3.0811768473885004,1.0,0.007700115,1.148364450867052,0.7210939299781428,0.1033076574535568,0.1291963111145004,0.1875666405847749
frozenset({'limas'}),frozenset({'Limón grande'}),0.05845,0.0633,0.0114,0.195038494439692,3.0811768473885,1.0,0.007700115,1.1636581296493091,0.7173795169778836,0.1033076574535568,0.1406410744525376,0.1875666405847749
frozenset({'Aguacate Orgánico'}),frozenset({'Limón grande'}),0.0752,0.0633,0.01035,0.1376329787234042,2.1742966622970656,1.0,0.00558984,1.0861964533538937,0.583997793490798,0.0807647288333983,0.0793562279528176,0.1505700438640718
frozenset({'Limón grande'}),frozenset({'Aguacate Orgánico'}),0.0633,0.0752,0.01035,0.1635071090047393,2.174296662297066,1.0,0.00558984,1.1055682719546742,0.576578583773129,0.0807647288333983,0.0954877908788271,0.1505700438640718
frozenset({'Limón grande'}),frozenset({'Espinacas tiernas orgánicas'}),0.0633,0.10275,0.00905,0.1429699842022117,1.391435369364591,1.0,0.002545925,1.0469294930875577,0.3003284718245022,0.0576433121019108,0.0448258391777227,0.1155239215414951
frozenset({'Espinacas tiernas orgánicas'}),frozenset({'Limón grande'}),0.10275,0.0633,0.00905,0.0880778588807786,1.391435369364591,1.0,0.002545925,1.0271710245464247,0.3135332176740164,0.0576433121019108,0.0264522887592383,0.1155239215414951
frozenset({'Limón grande'}),frozenset({'Ajo Orgánico'}),0.0633,0.04665,0.0067,0.1058451816745655,2.268921364942456,1.0,0.003747055,1.0662023851590106,0.5970555570604329,0.0648910411622276,0.0620917623900619,0.1247339520377115
frozenset({'Ajo Orgánico'}),frozenset({'Limón grande'}),0.04665,0.0633,0.0067,0.1436227224008574,2.268921364942456,1.0,0.003747055,1.0937936170212763,0.5866281431777495,0.0648910411622276,0.0857507445295798,0.1247339520377115
frozenset({'Limón grande'}),frozenset({'Aguacate Hass Orgánico'}),0.0633,0.0919,0.00645,0.1018957345971564,1.1087675146589382,1.0,0.00063273,1.01112981530343,0.1047268863228405,0.0433613445378151,0.0110073060204343,0.0860403591375335
frozenset({'Aguacate Hass Orgánico'}),frozenset({'Limón grande'}),0.0919,0.0633,0.00645,0.0701849836779107,1.1087675146589382,1.0,0.00063273,1.0074046811000583,0.1080251893168205,0.0433613445378151,0.0073502548072069,0.0860403591375335
frozenset({'Pomelo con agua con gas'}),frozenset({'Agua con gas de lima'}),0.03325,0.01845,0.00525,0.1578947368421052,8.55798031664527,1.0,0.0046365375,1.165590625,0.913524696146884,0.1130247578040904,0.1420658518079621,0.2212237911852802
frozenset({'Agua con gas de lima'}),frozenset({'Pomelo con agua con gas'}),0.01845,0.03325,0.00525,0.2845528455284553,8.55798031664527,1.0,0.0046365375,1.351252840909091,0.8997503947837604,0.1130247578040904,0.2599460517491133,0.2212237911852802
frozenset({'Aguacate Orgánico'}),frozenset({'limas'}),0.0752,0.05845,0.0095,0.1263297872340425,2.161330833773183,1.0,0.0051045599999999,1.0776949771689497,0.5810143871790202,0.076520338300443,0.0720936617641575,0.1444309329668929
frozenset({'limas'}),frozenset({'Aguacate Orgánico'}),0.05845,0.0752,0.0095,0.1625320786997433,2.161330833773183,1.0,0.0051045599999999,1.1042811031664963,0.5706782489120682,0.076520338300443,0.0944334761026636,0.1444309329668929
frozenset({'Espinacas tiernas orgánicas'}),frozenset({'limas'}),0.10275,0.05845,0.00715,0.0695863746958637,1.1905282240524164,1.0,0.0011442625,1.0119692730125522,0.1783635701161475,0.0464135021097046,0.0118277039943324,0.0959565748586247
frozenset({'limas'}),frozenset({'Espinacas tiernas orgánicas'}),0.05845,0.10275,0.00715,0.1223267750213858,1.1905282240524169,1.0,0.0011442625,1.022305311890838,0.1699715504080647,0.0464135021097046,0.0218186403136091,0.0959565748586247
frozenset({'limas'}),frozenset({'Cilantro Orgánico'}),0.05845,0.029,0.00795,0.1360136869118905,4.690127134892776,1.0,0.00625495,1.123860396039604,0.8356286586182492,0.1,0.1102097702491148,0.2050758089731866
frozenset({'Cilantro Orgánico'}),frozenset({'limas'}),0.029,0.05845,0.00795,0.2741379310344827,4.690127134892776,1.0,0.00625495,1.297147268408551,0.810284411454184,0.1,0.2290775115867269,0.2050758089731866
frozenset({'Ajo Orgánico'}),frozenset({'limas'}),0.04665,0.05845,0.00635,0.1361200428724544,2.3288287916587587,1.0,0.0036233075,1.0899083746898264,0.5985205919119029,0.0643037974683544,0.0824916816658217,0.1223799530016677
frozenset({'limas'}),frozenset({'Ajo Orgánico'}),0.05845,0.04665,0.00635,0.108639863130881,2.3288287916587587,1.0,0.0036233075,1.0695452495201536,0.6060215668835565,0.0643037974683544,0.065023195186323,0.1223799530016677
frozenset({'Aguacate Hass Orgánico'}),frozenset({'limas'}),0.0919,0.05845,0.0079,0.0859630032644178,1.4707100644040694,1.0,0.002528445,1.0301005357142858,0.3524461283051691,0.0554580554580554,0.0292209688964132,0.1105606290915759
frozenset({'limas'}),frozenset({'Aguacate Hass Orgánico'}),0.05845,0.0919,0.0079,0.1351582549187339,1.4707100644040692,1.0,0.002528445,1.0500186943620178,0.3399249419721991,0.0554580554580554,0.0476360036545908,0.1105606290915759
frozenset({'Fresas Orgánicas'}),frozenset({'limas'}),0.1097,0.05845,0.00715,0.0651777575205104,1.1151027805048843,1.0,0.0007380349999999,1.007196830814237,0.1159403328335148,0.0444099378881987,0.0071454065323248,0.0937522662709481
frozenset({'limas'}),frozenset({'Fresas Orgánicas'}),0.05845,0.1097,0.00715,0.1223267750213858,1.115102780504884,1.0,0.0007380349999999,1.0143866471734893,0.1096295239994459,0.0444099378881987,0.0141826070104299,0.0937522662709481
frozenset({'Col rizada orgánica de Michigan'}),frozenset({'Espinacas tiernas orgánicas'}),0.0289,0.10275,0.0052,0.1799307958477508,1.7511512977883297,1.0,0.002230525,1.0941149789029536,0.4417126098080686,0.0411229735073151,0.0860192765090564,0.1152695341769168
frozenset({'Espinacas tiernas orgánicas'}),frozenset({'Col rizada orgánica de Michigan'}),0.10275,0.0289,0.0052,0.0506082725060827,1.7511512977883297,1.0,0.002230525,1.0228654536135315,0.4780686713676405,0.0411229735073151,0.0223543121265397,0.1152695341769168
frozenset({'Aguacate Orgánico'}),frozenset({'Espinacas tiernas orgánicas'}),0.0752,0.10275,0.0117,0.1555851063829787,1.5142102810995497,1.0,0.0039732,1.0625700787401575,0.367203442462958,0.070375939849624,0.0588856019871593,0.1347268597608324
frozenset({'Espinacas tiernas orgánicas'}),frozenset({'Aguacate Orgánico'}),0.10275,0.0752,0.0117,0.1138686131386861,1.5142102810995497,1.0,0.0039732,1.0436375617792422,0.3784783990969558,0.070375939849624,0.0418129467330083,0.1347268597608324
frozenset({'Aguacate Orgánico'}),frozenset({'Ajo Orgánico'}),0.0752,0.04665,0.0064,0.0851063829787234,1.8243597637454108,1.0,0.00289192,1.0420337209302326,0.4886056444636679,0.0554352533564313,0.0403381580518418,0.1111491186061891
frozenset({'Ajo Orgánico'}),frozenset({'Aguacate Orgánico'}),0.04665,0.0752,0.0064,0.1371918542336549,1.824359763745411,1.0,0.00289192,1.0718489440993788,0.4739733571091415,0.0554352533564313,0.0670327143530005,0.1111491186061891
frozenset({'Aguacate Orgánico'}),frozenset({'Tomates Uva Orgánicos'}),0.0752,0.0343,0.0051,0.0678191489361702,1.9772346628621056,1.0,0.00252064,1.035957774607703,0.5344324581043491,0.0488505747126436,0.0347096913494565,0.1082535977917002
frozenset({'Tomates Uva Orgánicos'}),frozenset({'Aguacate Orgánico'}),0.0343,0.0752,0.0051,0.1486880466472303,1.9772346628621056,1.0,0.00252064,1.0863232876712328,0.5117978018586539,0.0488505747126436,0.0794637182604134,0.1082535977917002
frozenset({'Aguacate Orgánico'}),frozenset({'Fresas Orgánicas'}),0.0752,0.1097,0.01,0.1329787234042553,1.2122034950251168,1.0,0.00175056,1.0268490797546013,0.1892906574394463,0.057175528873642,0.0261470553793724,0.112068213115072
frozenset({'Fresas Orgánicas'}),frozenset({'Aguacate Orgánico'}),0.1097,0.0752,0.01,0.0911577028258887,1.2122034950251168,1.0,0.00175056,1.0175582748244734,0.196625856452881,0.057175528873642,0.0172553014985821,0.112068213115072
frozenset({'Aguacate Orgánico'}),frozenset({'Leche entera orgánica'}),0.0752,0.0569,0.0056,0.0744680851063829,1.3087536925550611,1.0,0.0013211199999999,1.0189816091954025,0.2550976272862085,0.0442687747035573,0.0186280194108609,0.0864431813932617
frozenset({'Leche entera orgánica'}),frozenset({'Aguacate Orgánico'}),0.0569,0.0752,0.0056,0.0984182776801406,1.3087536925550611,1.0,0.0013211199999999,1.0257528265107212,0.2501476892315614,0.0442687747035573,0.025106269117799,0.0864431813932617
frozenset({'Aguacate Orgánico'}),frozenset({'Cebolla Amarilla Orgánica'}),0.0752,0.04745,0.00515,0.0684840425531914,1.4432885680335403,1.0,0.00158176,1.022580442541042,0.3321127422985185,0.0438297872340425,0.0220818251568857,0.0885096714346568
frozenset({'Cebolla Amarilla Orgánica'}),frozenset({'Aguacate Orgánico'}),0.04745,0.0752,0.00515,0.1085353003161222,1.4432885680335403,1.0,0.00158176,1.037393853427896,0.3224375246209332,0.0438297872340425,0.0360459562241806,0.0885096714346568
frozenset({'Aguacate Orgánico'}),frozenset({'fresas'}),0.0752,0.0625,0.00585,0.0777925531914893,1.24468085106383,1.0,0.00115,1.0165825522710887,0.2125661727737852,0.0443686006825938,0.0163120567375886,0.0856962765957446
frozenset({'fresas'}),frozenset({'Aguacate Orgánico'}),0.0625,0.0752,0.00585,0.0936,1.24468085106383,1.0,0.00115,1.0203000882612532,0.2096866096866096,0.0443686006825938,0.0198961937716262,0.0856962765957446
frozenset({'Espinacas tiernas orgánicas'}),frozenset({'Rúcula Bebé Orgánica'}),0.10275,0.03055,0.00565,0.0549878345498783,1.799929117835625,1.0,0.0025109875,1.0258598094747682,0.4953163180514699,0.0442616529573051,0.0252079370260233,0.1199652757037444
frozenset({'Rúcula Bebé Orgánica'}),frozenset({'Espinacas tiernas orgánicas'}),0.03055,0.10275,0.00565,0.1849427168576104,1.799929117835625,1.0,0.0025109875,1.1008428714859435,0.4584275273316637,0.0442616529573051,0.0916051455643471,0.1199652757037444
frozenset({'Zanahorias pequeñas orgánicas'}),frozenset({'Espinacas tiernas orgánicas'}),0.03355,0.10275,0.00625,0.1862891207153502,1.8130328050155744,1.0,0.0028027375,1.1026643772893772,0.4640053805163226,0.0480584390618992,0.0931057349850657,0.1235581856618113
frozenset({'Espinacas tiernas orgánicas'}),frozenset({'Zanahorias pequeñas orgánicas'}),0.10275,0.03355,0.00625,0.0608272506082725,1.813032805015574,1.0,0.0028027375,1.0290439119170984,0.4997915853998328,0.0480584390618992,0.0282241715642532,0.1235581856618113
frozenset({'Fresas Orgánicas'}),frozenset({'Zanahorias pequeñas orgánicas'}),0.1097,0.03355,0.0056,0.0510483135824977,1.5215592722055948,1.0,0.0019195649999999,1.0184396253602306,0.3850156849216153,0.0406828913912095,0.0181057618940428,0.1089816828717257
frozenset({'Zanahorias pequeñas orgánicas'}),frozenset({'Fresas Orgánicas'}),0.03355,0.1097,0.0056,0.1669150521609538,1.521559272205595,1.0,0.0019195649999999,1.068678533094812,0.3546789428172323,0.0406828913912095,0.0642649131314767,0.1089816828717257
frozenset({'Arándanos Orgánicos'}),frozenset({'Espinacas tiernas orgánicas'}),0.04195,0.10275,0.0051,0.1215733015494636,1.1831951488998895,1.0,0.0007896375,1.0214284260515605,0.1616104403245564,0.0365329512893982,0.0209788816377416,0.085604169022907
frozenset({'Espinacas tiernas orgánicas'}),frozenset({'Arándanos Orgánicos'}),0.10275,0.04195,0.0051,0.0496350364963503,1.1831951488998895,1.0,0.0007896375,1.008086405529954,0.1725615852359334,0.0365329512893982,0.0080215401037006,0.085604169022907
frozenset({'Espinacas tiernas orgánicas'}),frozenset({'Cilantro Orgánico'}),0.10275,0.029,0.0051,0.0496350364963503,1.7115529826327711,1.0,0.00212025,1.0217127496159757,0.4633438775342959,0.0402684563758389,0.0212513249190014,0.1127485527309338
frozenset({'Cilantro Orgánico'}),frozenset({'Espinacas tiernas orgánicas'}),0.029,0.10275,0.0051,0.1758620689655172,1.7115529826327711,1.0,0.00212025,1.088713389121339,0.4281516932210578,0.0402684563758389,0.0814846129456865,0.1127485527309338
frozenset({'Pepino Orgánico'}),frozenset({'Espinacas tiernas orgánicas'}),0.03295,0.10275,0.00715,0.2169954476479514,2.1118778359897954,1.0,0.0037643875,1.145906492248062,0.5444266193451862,0.0556203811746402,0.1273284454142674,0.1432909111719076
frozenset({'Espinacas tiernas orgánicas'}),frozenset({'Pepino Orgánico'}),0.10275,0.03295,0.00715,0.0695863746958637,2.111877835989795,1.0,0.0037643875,1.0393764382845188,0.586779339356659,0.0556203811746402,0.0378846747281565,0.1432909111719076
frozenset({'Espinacas tiernas orgánicas'}),frozenset({'Ajo Orgánico'}),0.10275,0.04665,0.00905,0.0880778588807786,1.888056996372532,1.0,0.0042567125,1.0454291622198506,0.5242184144616225,0.0644816530103313,0.0434550363253564,0.1410378576290281
frozenset({'Ajo Orgánico'}),frozenset({'Espinacas tiernas orgánicas'}),0.04665,0.10275,0.00905,0.1939978563772776,1.888056996372532,1.0,0.0042567125,1.1132104388297872,0.4933707162906495,0.0644816530103313,0.10169724867905,0.1410378576290281
frozenset({'Espinacas tiernas orgánicas'}),frozenset({'Batata Granate Orgánica (Ñame)'}),0.10275,0.02405,0.0051,0.0496350364963503,2.06382688134513,1.0,0.0026288625,1.0269212749615977,0.5744923213085736,0.0419063270336894,0.0262155197462476,0.1308466242772812
frozenset({'Batata Granate Orgánica (Ñame)'}),frozenset({'Espinacas tiernas orgánicas'}),0.02405,0.10275,0.0051,0.2120582120582121,2.06382688134513,1.0,0.0026288625,1.138726253298153,0.5281656184170478,0.0419063270336894,0.121825814497868,0.1308466242772812
frozenset({'Espinacas tiernas orgánicas'}),frozenset({'Tomates Uva Orgánicos'}),0.10275,0.0343,0.00615,0.0598540145985401,1.7450150028728908,1.0,0.002625675,1.027180900621118,0.4758306206634092,0.0469824293353705,0.026461649164896,0.1195771530718648
frozenset({'Tomates Uva Orgánicos'}),frozenset({'Espinacas tiernas orgánicas'}),0.0343,0.10275,0.00615,0.1793002915451895,1.745015002872891,1.0,0.002625675,1.0932744227353464,0.4421031628769224,0.0469824293353705,0.0853165690110777,0.1195771530718648
frozenset({'Aguacate Hass Orgánico'}),frozenset({'Espinacas tiernas orgánicas'}),0.0919,0.10275,0.01395,0.1517954298150163,1.4773277840877503,1.0,0.004507275,1.0578226427196922,0.3558001877960957,0.0771997786386275,0.054661944625262,0.1437809265863402
frozenset({'Espinacas tiernas orgánicas'}),frozenset({'Aguacate Hass Orgánico'}),0.10275,0.0919,0.01395,0.1357664233576642,1.4773277840877503,1.0,0.004507275,1.0507576013513515,0.3601027033019053,0.0771997786386275,0.0483057189270611,0.1437809265863402
frozenset({'Manzana Fuji Orgánica Grande Extra Fancy'}),frozenset({'Espinacas tiernas orgánicas'}),0.03185,0.10275,0.0051,0.1601255886970172,1.558399889995302,1.0,0.0018274125,1.0683144859813083,0.3701039885044551,0.0393822393822393,0.0639460448002421,0.1048803125966838
frozenset({'Espinacas tiernas orgánicas'}),frozenset({'Manzana Fuji Orgánica Grande Extra Fancy'}),0.10275,0.03185,0.0051,0.0496350364963503,1.558399889995302,1.0,0.0018274125,1.018713901689708,0.3993493189975907,0.0393822393822393,0.0183701249768634,0.1048803125966838
frozenset({'Espinacas tiernas orgánicas'}),frozenset({'Limón Orgánico'}),0.10275,0.03955,0.0059,0.0574209245742092,1.451856499980006,1.0,0.0018362374999999,1.018959602478059,0.3468673111343039,0.0432551319648093,0.0186068244824917,0.1032995899735774
frozenset({'Limón Orgánico'}),frozenset({'Espinacas tiernas orgánicas'}),0.03955,0.10275,0.0059,0.1491782553729456,1.451856499980006,1.0,0.0018362374999999,1.0545687221396731,0.3240425789111918,0.0432551319648093,0.0517450603209201,0.1032995899735774
frozenset({'Espinacas tiernas orgánicas'}),frozenset({'Frambuesas Orgánicas'}),0.10275,0.05995,0.00745,0.0725060827250608,1.2094425809017653,1.0,0.0012901375,1.0135376442812174,0.1930039774777891,0.0479871175523349,0.0133568243445144,0.0983881539563586
frozenset({'Frambuesas Orgánicas'}),frozenset({'Espinacas tiernas orgánicas'}),0.05995,0.10275,0.00745,0.1242702251876563,1.2094425809017653,1.0,0.0012901375,1.0245740476190477,0.1842166042146123,0.0479871175523349,0.0239846477432782,0.0983881539563586
frozenset({'Espinacas tiernas orgánicas'}),frozenset({'Apio en manojo pequeño ecológico'}),0.10275,0.02845,0.00585,0.056934306569343,2.0012058548099496,1.0,0.0029267625,1.030203947368421,0.5575940730579907,0.0466693258875149,0.0293184154900345,0.1312791040755327
frozenset({'Apio en manojo pequeño ecológico'}),frozenset({'Espinacas tiernas orgánicas'}),0.02845,0.10275,0.00585,0.2056239015817223,2.00120585480995,1.0,0.0029267625,1.1295027654867256,0.5149516566839402,0.0466693258875149,0.1146546688010279,0.1312791040755327
frozenset({'Fresas Orgánicas'}),frozenset({'Espinacas tiernas orgánicas'}),0.1097,0.10275,0.01655,0.1508659981768459,1.4682822206992303,1.0,0.0052783249999999,1.0566647879763822,0.3582298373235811,0.0844818785094436,0.0536260776559999,0.1559682788937757
frozenset({'Espinacas tiernas orgánicas'}),frozenset({'Fresas Orgánicas'}),0.10275,0.1097,0.01655,0.1610705596107056,1.4682822206992303,1.0,0.0052783249999999,1.0612334686774942,0.3554550283301022,0.0844818785094436,0.0577002803669612,0.1559682788937757
frozenset({'Espinacas tiernas orgánicas'}),frozenset({'Leche entera orgánica'}),0.10275,0.0569,0.00655,0.0637469586374696,1.1203331922226645,1.0,0.000703525,1.0073131496881498,0.1197084390599777,0.042782495101241,0.0072600558132431,0.0894305970691741
frozenset({'Leche entera orgánica'}),frozenset({'Espinacas tiernas orgánicas'}),0.0569,0.10275,0.00655,0.1151142355008787,1.1203331922226645,1.0,0.000703525,1.013972691161867,0.113888661803165,0.042782495101241,0.0137801454453928,0.0894305970691741
frozenset({'Espinacas tiernas orgánicas'}),frozenset({'Cebolla Amarilla Orgánica'}),0.10275,0.04745,0.0084,0.0817518248175182,1.7229046326136617,1.0,0.0035245125,1.0373557233704291,0.4676342395414561,0.0592383638928067,0.0360105241903503,0.129390137909286
frozenset({'Cebolla Amarilla Orgánica'}),frozenset({'Espinacas tiernas orgánicas'}),0.04745,0.10275,0.0084,0.1770284510010537,1.722904632613662,1.0,0.0035245125,1.0902564020486556,0.4404858762569644,0.0592383638928067,0.0827845650610796,0.129390137909286
frozenset({'Espinacas tiernas orgánicas'}),frozenset({'Calabacín Orgánico'}),0.10275,0.04185,0.0094,0.0914841849148418,2.1860020290284794,1.0,0.0050999125,1.054632163899304,0.6046741521078,0.0695266272189349,0.0518021029221331,0.158047946698759
frozenset({'Calabacín Orgánico'}),frozenset({'Espinacas tiernas orgánicas'}),0.04185,0.10275,0.0094,0.2246117084826762,2.1860020290284794,1.0,0.0050999125,1.1571621725731895,0.5662410718350189,0.0695266272189349,0.1358168943802466,0.158047946698759
frozenset({'Moras Orgánicas'}),frozenset({'Frambuesas Orgánicas'}),0.0277,0.05995,0.0052,0.187725631768953,3.131370004486289,1.0,0.003539385,1.1573060000000002,0.7000421284978521,0.063068526379624,0.135924293142868,0.1372322904466116
frozenset({'Frambuesas Orgánicas'}),frozenset({'Moras Orgánicas'}),0.05995,0.0277,0.0052,0.0867389491242702,3.131370004486289,1.0,0.003539385,1.064646301369863,0.7240582538572007,0.063068526379624,0.060720918568621,0.1372322904466116
frozenset({'Fresas Orgánicas'}),frozenset({'Moras Orgánicas'}),0.1097,0.0277,0.0058,0.0528714676390154,1.908717243285758,1.0,0.0027613099999999,1.0265766121270452,0.534750006778033,0.0440729483282674,0.0258885813421942,0.1311288746137315
frozenset({'Moras Orgánicas'}),frozenset({'Fresas Orgánicas'}),0.0277,0.1097,0.0058,0.2093862815884476,1.908717243285758,1.0,0.0027613099999999,1.126087214611872,0.4896512712480538,0.0440729483282674,0.1119693154986495,0.1311288746137315
frozenset({'Arándanos Orgánicos'}),frozenset({'Frambuesas Orgánicas'}),0.04195,0.05995,0.00595,0.1418355184743742,2.3658968886467764,1.0,0.0034350975,1.095419375,0.6026066603250038,0.0620114643043251,0.0871076203120836,0.1205424464765532
frozenset({'Frambuesas Orgánicas'}),frozenset({'Arándanos Orgánicos'}),0.05995,0.04195,0.00595,0.0992493744787322,2.3658968886467764,1.0,0.0034350975,1.0636129166666666,0.6141453230406572,0.0620114643043251,0.0598083340939745,0.1205424464765532
frozenset({'Arándanos Orgánicos'}),frozenset({'Fresas Orgánicas'}),0.04195,0.1097,0.0092,0.2193087008343265,1.999167737778729,1.0,0.0045980849999999,1.1403995419847328,0.521676162857979,0.0645840645840645,0.1231143444168556,0.1515868937170721
frozenset({'Fresas Orgánicas'}),frozenset({'Arándanos Orgánicos'}),0.1097,0.04195,0.0092,0.0838650865998176,1.9991677377787287,1.0,0.0045980849999999,1.0457520895522388,0.5613746465529449,0.0645840645840645,0.043750416575145,0.1515868937170721
frozenset({'Aguacate Hass Orgánico'}),frozenset({'Cilantro Orgánico'}),0.0919,0.029,0.0051,0.0554951033732317,1.913624254249372,1.0,0.0024349,1.0280518433179724,0.5257475746603013,0.044041450777202,0.0272864092412273,0.1156785861693745
frozenset({'Cilantro Orgánico'}),frozenset({'Aguacate Hass Orgánico'}),0.029,0.0919,0.0051,0.1758620689655172,1.9136242542493715,1.0,0.0024349,1.101878661087866,0.4916903939742736,0.044041450777202,0.0924590562333633,0.1156785861693745
frozenset({'Aguacate Hass Orgánico'}),frozenset({'Pepino Orgánico'}),0.0919,0.03295,0.00705,0.0767138193688792,2.3281887517110538,1.0,0.004021895,1.0474000589275192,0.6282144700844489,0.0598471986417657,0.0452549706518579,0.1453371828255625
frozenset({'Pepino Orgánico'}),frozenset({'Aguacate Hass Orgánico'}),0.03295,0.0919,0.00705,0.2139605462822458,2.3281887517110538,1.0,0.004021895,1.1552855212355213,0.5899194046674815,0.0598471986417657,0.1344131112016802,0.1453371828255625
frozenset({'Pepino Orgánico'}),frozenset({'Fresas Orgánicas'}),0.03295,0.1097,0.00635,0.1927162367223065,1.7567569436855652,1.0,0.0027353849999999,1.102834022556391,0.4454467621514736,0.0465884079236977,0.0932452394948966,0.1253006890083729
frozenset({'Fresas Orgánicas'}),frozenset({'Pepino Orgánico'}),0.1097,0.03295,0.00635,0.0578851412944393,1.7567569436855652,1.0,0.0027353849999999,1.026467198838897,0.4838473450955662,0.0465884079236977,0.0257847487662885,0.1253006890083729
frozenset({'Aguacate Hass Orgánico'}),frozenset({'Manzanas Gala Ecológicas'}),0.0919,0.03295,0.0053,0.0576713819368879,1.7502695580239127,1.0,0.002271895,1.0262343533487297,0.4720399008504176,0.0443329150982852,0.0255637060512775,0.1092605771596427
frozenset({'Manzanas Gala Ecológicas'}),frozenset({'Aguacate Hass Orgánico'}),0.03295,0.0919,0.0053,0.1608497723823975,1.7502695580239127,1.0,0.002271895,1.082166184448463,0.4432650162476234,0.0443329150982852,0.0759275106071991,0.1092605771596427
frozenset({'Fresas Orgánicas'}),frozenset({'Manzanas Gala Ecológicas'}),0.1097,0.03295,0.0055,0.0501367365542388,1.5216005024048205,1.0,0.0018853849999999,1.018093905950096,0.3850356876640151,0.0401020780167699,0.0177723349922329,0.1085281558340238
frozenset({'Manzanas Gala Ecológicas'}),frozenset({'Fresas Orgánicas'}),0.03295,0.1097,0.0055,0.1669195751138087,1.5216005024048205,1.0,0.0018853849999999,1.068684335154827,0.3544772997541726,0.0401020780167699,0.0642699933885305,0.1085281558340238
frozenset({'Aguacate Hass Orgánico'}),frozenset({'Ajo Orgánico'}),0.0919,0.04665,0.00735,0.0799782372143634,1.7144316659027534,1.0,0.003062865,1.036225487876996,0.4588881472641915,0.0560213414634146,0.0349590782129998,0.1187672536554132
frozenset({'Ajo Orgánico'}),frozenset({'Aguacate Hass Orgánico'}),0.04665,0.0919,0.00735,0.157556270096463,1.7144316659027534,1.0,0.003062865,1.0779354961832062,0.4371073860917945,0.0560213414634146,0.0723007048744224,0.1187672536554132
frozenset({'Fresas Orgánicas'}),frozenset({'Ajo Orgánico'}),0.1097,0.04665,0.0073,0.0665451230628988,1.4264763786259125,1.0,0.002182495,1.021313427734375,0.3358103086692342,0.0489768534048976,0.0208686453693804,0.1115147908990807
frozenset({'Ajo Orgánico'}),frozenset({'Fresas Orgánicas'}),0.04665,0.1097,0.0073,0.1564844587352626,1.4264763786259125,1.0,0.002182495,1.0554636594663278,0.3136014242494563,0.0489768534048976,0.0525490943898265,0.1115147908990807
frozenset({'Cebolla Amarilla Orgánica'}),frozenset({'Ajo Orgánico'}),0.04745,0.04665,0.0093,0.1959957850368809,4.20141018299852,1.0,0.0070864574999999,1.1857524901703802,0.7999419215992386,0.1096698113207547,0.1566536791701693,0.1976763491100803
frozenset({'Ajo Orgánico'}),frozenset({'Cebolla Amarilla Orgánica'}),0.04665,0.04745,0.0093,0.1993569131832797,4.20141018299852,1.0,0.0070864574999999,1.189731124497992,0.7992706534004875,0.1096698113207547,0.1594739522159254,0.1976763491100803
frozenset({'Aguacate Hass Orgánico'}),frozenset({'Batata Granate Orgánica (Ñame)'}),0.0919,0.02405,0.0055,0.059847660500544,2.488468212080835,1.0,0.003289805,1.0380764467592591,0.6586789600664725,0.0497962879130828,0.0366798099293448,0.1442689445953864
frozenset({'Batata Granate Orgánica (Ñame)'}),frozenset({'Aguacate Hass Orgánico'}),0.02405,0.0919,0.0055,0.2286902286902287,2.488468212080835,1.0,0.003289805,1.1773479784366576,0.6128862786375979,0.0497962879130828,0.1506334420110436,0.1442689445953864
frozenset({'Aguacate Hass Orgánico'}),frozenset({'Tomates Uva Orgánicos'}),0.0919,0.0343,0.00555,0.0603917301414581,1.7606918408588372,1.0,0.00239783,1.0277687319050377,0.4757641685292825,0.0460008288437629,0.0270184634373595,0.1110996551581926
frozenset({'Tomates Uva Orgánicos'}),frozenset({'Aguacate Hass Orgánico'}),0.0343,0.0919,0.00555,0.1618075801749271,1.7606918408588372,1.0,0.00239783,1.0834027826086956,0.4473868089897913,0.0460008288437629,0.0769822488436594,0.1110996551581926
frozenset({'Fresas Orgánicas'}),frozenset({'Tomates Uva Orgánicos'}),0.1097,0.0343,0.00565,0.0515041020966271,1.5015773206013752,1.0,0.0018872899999999,1.018138298894762,0.3751922142183355,0.0408384531984098,0.0178151621586695,0.108113567083299
frozenset({'Tomates Uva Orgánicos'}),frozenset({'Fresas Orgánicas'}),0.0343,0.1097,0.00565,0.1647230320699708,1.5015773206013752,1.0,0.0018872899999999,1.065873996509599,0.3458979272223093,0.0408384531984098,0.0618027991350902,0.108113567083299
frozenset({'Aguacate Hass Orgánico'}),frozenset({'Manzana Fuji Orgánica Grande Extra Fancy'}),0.0919,0.03185,0.0055,0.059847660500544,1.8790474254487928,1.0,0.0025729849999999,1.0297799189814814,0.5151585227898409,0.0465116279069767,0.0289187217895409,0.116266059449644
frozenset({'Manzana Fuji Orgánica Grande Extra Fancy'}),frozenset({'Aguacate Hass Orgánico'}),0.03185,0.0919,0.0055,0.172684458398744,1.8790474254487928,1.0,0.0025729849999999,1.0976464895635674,0.4832055513561478,0.0465116279069767,0.0889598704974607,0.116266059449644
frozenset({'Aguacate Hass Orgánico'}),frozenset({'Limón Orgánico'}),0.0919,0.03955,0.0102,0.1109902067464635,2.806326339986436,1.0,0.006565355,1.0803593023255813,0.7088010735623398,0.0841237113402061,0.0743820154578203,0.1844457986956085
frozenset({'Limón Orgánico'}),frozenset({'Aguacate Hass Orgánico'}),0.03955,0.0919,0.0102,0.2579013906447535,2.806326339986436,1.0,0.006565355,1.2236918228279388,0.6701673745660479,0.0841237113402061,0.1828007825622216,0.1844457986956085
frozenset({'Aguacate Hass Orgánico'}),frozenset({'Frambuesas Orgánicas'}),0.0919,0.05995,0.0116,0.1262241566920565,2.1054905203011938,1.0,0.0060905949999999,1.07584800747198,0.578186645857778,0.0827094474153297,0.0705006719770826,0.1598593677538681
frozenset({'Frambuesas Orgánicas'}),frozenset({'Aguacate Hass Orgánico'}),0.05995,0.0919,0.0116,0.1934945788156797,2.105490520301194,1.0,0.0060905949999999,1.125968872802482,0.5585354960943015,0.0827094474153297,0.1118759815171013,0.1598593677538681
frozenset({'Aguacate Hass Orgánico'}),frozenset({'Cebolla Roja Orgánica'}),0.0919,0.02595,0.005,0.0544069640914037,2.0966074794375222,1.0,0.002615195,1.0300943037974684,0.5759707080717983,0.0443066016836508,0.029215095828144,0.1235425957258559
frozenset({'Cebolla Roja Orgánica'}),frozenset({'Aguacate Hass Orgánico'}),0.02595,0.0919,0.005,0.1926782273603083,2.0966074794375222,1.0,0.002615195,1.12483031026253,0.5369734613212875,0.0443066016836508,0.1109770150427357,0.1235425957258559
frozenset({'Aguacate Hass Orgánico'}),frozenset({'Fresas Orgánicas'}),0.0919,0.1097,0.01745,0.1898803046789989,1.7309052386417405,1.0,0.00736857,1.0989734049697784,0.4650012353006323,0.0947597067607928,0.0900598727159372,0.1744752480550874
frozenset({'Fresas Orgánicas'}),frozenset({'Aguacate Hass Orgánico'}),0.1097,0.0919,0.01745,0.1590701914311759,1.7309052386417405,1.0,0.00736857,1.0798760975609756,0.474298126223188,0.0947597067607928,0.0739678355150048,0.1744752480550874
frozenset({'Aguacate Hass Orgánico'}),frozenset({'Racimo de tomate orgánico'}),0.0919,0.0273,0.00555,0.0603917301414581,2.212151287232898,1.0,0.00304113,1.0352186450492185,0.6034041970612833,0.0488341399032116,0.034020489504943,0.1318442167190807
frozenset({'Racimo de tomate orgánico'}),frozenset({'Aguacate Hass Orgánico'}),0.0273,0.0919,0.00555,0.2032967032967033,2.212151287232898,1.0,0.00304113,1.1398220689655172,0.5633302676584264,0.0488341399032116,0.1226700840179532,0.1318442167190807
frozenset({'Aguacate Hass Orgánico'}),frozenset({'Cebolla Amarilla Orgánica'}),0.0919,0.04745,0.00755,0.0821545157780195,1.731391270348147,1.0,0.003189345,1.0378108476585657,0.4651798274688948,0.0572837632776934,0.0364332746606683,0.1206346867615071
frozenset({'Cebolla Amarilla Orgánica'}),frozenset({'Aguacate Hass Orgánico'}),0.04745,0.0919,0.00755,0.1591148577449947,1.731391270348147,1.0,0.003189345,1.0799334586466167,0.4434725750086645,0.0572837632776934,0.0740170220735543,0.1206346867615071
frozenset({'Aguacate Hass Orgánico'}),frozenset({'Calabacín Orgánico'}),0.0919,0.04185,0.0078,0.0848748639825897,2.028073213443005,1.0,0.003953985,1.047015279429251,0.5582217309174693,0.0619293370385073,0.0449041005923809,0.135627396149001
frozenset({'Calabacín Orgánico'}),frozenset({'Aguacate Hass Orgánico'}),0.04185,0.0919,0.0078,0.1863799283154122,2.028073213443005,1.0,0.003953985,1.116122907488987,0.5290624159538213,0.0619293370385073,0.1040413261925032,0.135627396149001
frozenset({'Fresas Orgánicas'}),frozenset({'Kiwi orgánico'}),0.1097,0.0214,0.00505,0.0460346399270738,2.151151398461394,1.0,0.0027024199999999,1.0258234113712374,0.6010700587075443,0.0400634668782229,0.0251733496087,0.1410079741691444
frozenset({'Kiwi orgánico'}),frozenset({'Fresas Orgánicas'}),0.0214,0.1097,0.00505,0.2359813084112149,2.151151398461394,1.0,0.0027024199999999,1.165285626911315,0.5468349410048301,0.0400634668782229,0.1418412989006121,0.1410079741691444
frozenset({'Manzana Fuji Orgánica Grande Extra Fancy'}),frozenset({'Fresas Orgánicas'}),0.03185,0.1097,0.00635,0.1993720565149136,1.81742986795728,1.0,0.0028560549999999,1.112002156862745,0.4645689623972337,0.0469674556213017,0.1007211687239286,0.1286285989046765
frozenset({'Fresas Orgánicas'}),frozenset({'Manzana Fuji Orgánica Grande Extra Fancy'}),0.1097,0.03185,0.00635,0.0578851412944393,1.81742986795728,1.0,0.0028560549999999,1.0276347847121432,0.5051920037570278,0.0469674556213017,0.0268916400293749,0.1286285989046765
frozenset({'Fresas Orgánicas'}),frozenset({'Limón Orgánico'}),0.1097,0.03955,0.00725,0.0660893345487693,1.671032479109213,1.0,0.002911365,1.0284174231332357,0.4510474965819347,0.051056338028169,0.027632187567046,0.124700798753525
frozenset({'Limón Orgánico'}),frozenset({'Fresas Orgánicas'}),0.03955,0.1097,0.00725,0.1833122629582806,1.6710324791092128,1.0,0.002911365,1.0901351393188854,0.4181035829110276,0.051056338028169,0.0826825373001018,0.124700798753525
frozenset({'Fresas Orgánicas'}),frozenset({'Frambuesas Orgánicas'}),0.1097,0.05995,0.01325,0.1207839562443026,2.014744891481278,1.0,0.0066734849999999,1.069191135303266,0.5657185727092203,0.0847186700767263,0.0647135325188049,0.1709007354198994
frozenset({'Frambuesas Orgánicas'}),frozenset({'Fresas Orgánicas'}),0.05995,0.1097,0.01325,0.2210175145954962,2.0147448914812784,1.0,0.0066734849999999,1.1429011777301927,0.5357792088538044,0.0847186700767263,0.1250337129007034,0.1709007354198994
frozenset({'Fresas Orgánicas'}),frozenset({'Racimo de tomate orgánico'}),0.1097,0.0273,0.00545,0.0496809480401093,1.819814946524153,1.0,0.00245519,1.0235509832134293,0.5060019970590266,0.0414291144051691,0.0230090963710387,0.1246573238369045
frozenset({'Racimo de tomate orgánico'}),frozenset({'Fresas Orgánicas'}),0.0273,0.1097,0.00545,0.1996336996336996,1.819814946524153,1.0,0.00245519,1.1123656750572082,0.4631372242023762,0.0414291144051691,0.1010150506949338,0.1246573238369045
frozenset({'Fresas Orgánicas'}),frozenset({'Leche entera orgánica'}),0.1097,0.0569,0.00965,0.0879671832269826,1.5459961902808907,1.0,0.00340807,1.0340636681659172,0.3966841240566869,0.0614845492194966,0.0329415578697727,0.1287814826503982
frozenset({'Leche entera orgánica'}),frozenset({'Fresas Orgánicas'}),0.0569,0.1097,0.00965,0.1695957820738137,1.5459961902808907,1.0,0.00340807,1.0721284656084658,0.3744755335040487,0.0614845492194966,0.0672759542556595,0.1287814826503982
frozenset({'Fresas Orgánicas'}),frozenset({'Queso En Hebras Ecológico'}),0.1097,0.02655,0.00625,0.0569735642661804,2.145896959178173,1.0,0.003337465,1.032261623972934,0.5997915309446255,0.048076923076923,0.0312533404552678,0.146189230344013
frozenset({'Queso En Hebras Ecológico'}),frozenset({'Fresas Orgánicas'}),0.02655,0.1097,0.00625,0.2354048964218456,2.145896959178173,1.0,0.003337465,1.1644071428571428,0.5485586316708613,0.048076923076923,0.1411938632167197,0.146189230344013
frozenset({'Fresas Orgánicas'}),frozenset({'Cebolla Amarilla Orgánica'}),0.1097,0.04745,0.0074,0.0674567000911577,1.4216375150928915,1.0,0.0021947349999999,1.021453910068426,0.3331301929808051,0.0494156928213689,0.0210033070087215,0.1117051677484239
frozenset({'Cebolla Amarilla Orgánica'}),frozenset({'Fresas Orgánicas'}),0.04745,0.1097,0.0074,0.1559536354056902,1.4216375150928915,1.0,0.0021947349999999,1.0547998751560548,0.3113598349806422,0.0494156928213689,0.0519528646587557,0.1117051677484239
frozenset({'Fresas Orgánicas'}),frozenset({'Calabacín Orgánico'}),0.1097,0.04185,0.00605,0.0551504102096627,1.317811474543912,1.0,0.001459055,1.01407674867342,0.2708818552201273,0.0415807560137456,0.0138813444759825,0.0998571644835649
frozenset({'Calabacín Orgánico'}),frozenset({'Fresas Orgánicas'}),0.04185,0.1097,0.00605,0.1445639187574671,1.317811474543912,1.0,0.001459055,1.040755726256983,0.2516997502504611,0.0415807560137456,0.0391597425109144,0.0998571644835649
frozenset({'Fresas Orgánicas'}),frozenset({'humus originales'}),0.1097,0.0317,0.0059,0.0537830446672743,1.696626014740517,1.0,0.0024225099999999,1.023338246628131,0.4611871450682211,0.0435424354243542,0.0228059946992403,0.1199514592421545
frozenset({'humus originales'}),frozenset({'Fresas Orgánicas'}),0.0317,0.1097,0.0059,0.1861198738170347,1.6966260147405168,1.0,0.0024225099999999,1.0938957364341084,0.4240368844926543,0.0435424354243542,0.0858360932461358,0.1199514592421545
frozenset({'fresas'}),frozenset({'frambuesas'}),0.0625,0.0238,0.00585,0.0936,3.932773109243697,1.0,0.0043625,1.077007943512798,0.7954415954415954,0.0727159726538222,0.0715017414464249,0.1696991596638655
frozenset({'frambuesas'}),frozenset({'fresas'}),0.0238,0.0625,0.00585,0.245798319327731,3.932773109243697,1.0,0.0043625,1.2430362116991645,0.7639074940857363,0.0727159726538222,0.1955182072829131,0.1696991596638655
"frozenset({'Aguacate Hass Orgánico', 'Bolsa de Plátanos Orgánicos'})",frozenset({'Frambuesas Orgánicas'}),0.0261,0.05995,0.00555,0.2126436781609195,3.547017150307248,1.0,0.003985305,1.1939321167883212,0.7373169452438371,0.0689440993788819,0.1624314431795324,0.1526104128919693
"frozenset({'Aguacate Hass Orgánico', 'Frambuesas Orgánicas'})",frozenset({'Bolsa de Plátanos Orgánicos'}),0.0116,0.16505,0.00555,0.478448275862069,2.898808093681121,1.0,0.00363542,1.600895867768595,0.6627181613017308,0.032437171244886,0.3753497525146045,0.256037224874385
"frozenset({'Bolsa de Plátanos Orgánicos', 'Frambuesas Orgánicas'})",frozenset({'Aguacate Hass Orgánico'}),0.0184,0.0919,0.00555,0.3016304347826087,3.282159246818376,1.0,0.00385904,1.3003143968871596,0.7083562780384296,0.0529832935560859,0.2309552194500701,0.1810110824620334
frozenset({'Aguacate Hass Orgánico'}),"frozenset({'Bolsa de Plátanos Orgánicos', 'Frambuesas Orgánicas'})",0.0919,0.0184,0.00555,0.0603917301414581,3.282159246818376,1.0,0.00385904,1.044690677475391,0.7656893761948271,0.0529832935560859,0.0427788611873045,0.1810110824620334
frozenset({'Bolsa de Plátanos Orgánicos'}),"frozenset({'Aguacate Hass Orgánico', 'Frambuesas Orgánicas'})",0.16505,0.0116,0.00555,0.033626173886701,2.898808093681121,1.0,0.00363542,1.0227926018808775,0.7845147980485426,0.032437171244886,0.0222846761298067,0.256037224874385
frozenset({'Frambuesas Orgánicas'}),"frozenset({'Aguacate Hass Orgánico', 'Bolsa de Plátanos Orgánicos'})",0.05995,0.0261,0.00555,0.0925771476230191,3.547017150307248,1.0,0.003985305,1.0732592830882353,0.7638667868442879,0.0689440993788819,0.0682586996847922,0.1526104128919693
"frozenset({'Aguacate Hass Orgánico', 'Fresas Orgánicas'})",frozenset({'Bolsa de Plátanos Orgánicos'}),0.01745,0.16505,0.0057,0.326647564469914,1.9790824869428296,1.0,0.0028198775,1.239989574468085,0.5035014512006443,0.0322398190045248,0.1935416066470016,0.1805912769335332
"frozenset({'Aguacate Hass Orgánico', 'Bolsa de Plátanos Orgánicos'})",frozenset({'Fresas Orgánicas'}),0.0261,0.1097,0.0057,0.2183908045977011,1.9908004065423983,1.0,0.00283683,1.1390602941176469,0.5110272858447588,0.0438124519600307,0.1220833478576896,0.1351753476042288
"frozenset({'Fresas Orgánicas', 'Bolsa de Plátanos Orgánicos'})",frozenset({'Aguacate Hass Orgánico'}),0.0256,0.0919,0.0057,0.22265625,2.422810119695321,1.0,0.00334736,1.168209045226131,0.602684873102296,0.0509838998211091,0.1439888228168704,0.1423400945321001
frozenset({'Aguacate Hass Orgánico'}),"frozenset({'Fresas Orgánicas', 'Bolsa de Plátanos Orgánicos'})",0.0919,0.0256,0.0057,0.0620239390642002,2.422810119695321,1.0,0.00334736,1.038832482598608,0.646686642826646,0.0509838998211091,0.037380889844212,0.1423400945321001
frozenset({'Fresas Orgánicas'}),"frozenset({'Aguacate Hass Orgánico', 'Bolsa de Plátanos Orgánicos'})",0.1097,0.0261,0.0057,0.0519598906107566,1.9908004065423983,1.0,0.00283683,1.0272772115384614,0.5590132244010002,0.0438124519600307,0.0265529218716055,0.1351753476042288
frozenset({'Bolsa de Plátanos Orgánicos'}),"frozenset({'Aguacate Hass Orgánico', 'Fresas Orgánicas'})",0.16505,0.01745,0.0057,0.0345349893971523,1.9790824869428296,1.0,0.0028198775,1.0176961248823346,0.5925089536824877,0.0322398190045248,0.017388417278665,0.1805912769335332
