antecedents,consequents,antecedent support,consequent support,support,confidence,lift,representativity,leverage,conviction,zhangs_metric,jaccard,certainty,kulczynski,cluster
frozenset({'100% Whole Wheat Bread'}),frozenset({'Banana'}),0.0209,0.1747,0.005,0.23923444976076558,1.3694015441371814,1.0,0.0013487700000000004,1.0848283018867926,0.27551220508630386,0.02623294858342078,0.07819514087091431,0.13392747101661634,1
frozenset({'Apple Honeycrisp Organic'}),frozenset({'Bag of Organic Bananas'}),0.0342,0.1397,0.0115,0.3362573099415205,2.406995776245673,1.0,0.00672226,1.2961348017621146,0.6052436817416514,0.0708128078817734,0.22847531087006911,0.20928828274456124,1
frozenset({'Apple Honeycrisp Organic'}),frozenset({'Banana'}),0.0342,0.1747,0.0086,0.25146198830409355,1.4393931786153038,1.0,0.00262526,1.1025492187500001,0.31607246914234255,0.04293559660509236,0.09301101212176609,0.15034461750636846,1
frozenset({'Apple Honeycrisp Organic'}),frozenset({'Organic Hass Avocado'}),0.0342,0.086,0.006,0.17543859649122806,2.039983680130559,1.0,0.0030588000000000004,1.108468085106383,0.5278525574653138,0.05253940455341506,0.09785404430112479,0.1226030191758466,1
frozenset({'Apple Honeycrisp Organic'}),frozenset({'Organic Raspberries'}),0.0342,0.058,0.0054,0.15789473684210525,2.7223230490018144,1.0,0.0034164,1.118625,0.6550700628149375,0.06221198156682028,0.10604536819756398,0.12549909255898367,1
frozenset({'Apple Honeycrisp Organic'}),frozenset({'Organic Strawberries'}),0.0342,0.1004,0.0063,0.18421052631578946,1.8347661983644368,1.0,0.00286632,1.1027354838709678,0.471082448303405,0.049103663289166016,0.09316421333458144,0.1234797651499266,1
frozenset({'Asparagus'}),frozenset({'Banana'}),0.0262,0.1747,0.0065,0.24809160305343508,1.4201007616109622,1.0,0.0019228599999999993,1.0976071065989847,0.30378374962478466,0.03343621399176955,0.08892718169566835,0.14264912150382114,1
frozenset({'Asparagus'}),frozenset({'Organic Baby Spinach'}),0.0262,0.0867,0.0052,0.19847328244274806,2.289195875925583,1.0,0.0029284599999999995,1.1394504761904762,0.5783172978182219,0.048282265552460533,0.12238397289253045,0.12922510719599917,1
frozenset({'Carrots'}),frozenset({'Bag of Organic Bananas'}),0.0248,0.1397,0.0052,0.20967741935483872,1.5009120927332766,1.0,0.00173544,1.0885428571428573,0.34222565785322145,0.03264281230382926,0.08134071760413661,0.12345001962731199,1
frozenset({'Fresh Cauliflower'}),frozenset({'Bag of Organic Bananas'}),0.0277,0.1397,0.0068,0.24548736462093862,1.7572467045163824,1.0,0.00293031,1.1402062200956937,0.4432047116902917,0.04234122042341221,0.12296566851207558,0.14708154916802121,1
frozenset({'Half & Half'}),frozenset({'Bag of Organic Bananas'}),0.0283,0.1397,0.005,0.17667844522968199,1.2646989637056694,1.0,0.0010464900000000006,1.0449137339055796,0.21539364001234962,0.030674846625766874,0.04298319798870393,0.1062347129512762,1
frozenset({'Limes'}),frozenset({'Bag of Organic Bananas'}),0.0513,0.1397,0.0082,0.1598440545808967,1.1441950936356242,1.0,0.0010333900000000012,1.0239765661252902,0.13283774716107036,0.044857768052516414,0.023415151204111022,0.10927063144220212,1
frozenset({'Organic Baby Carrots'}),frozenset({'Bag of Organic Bananas'}),0.0235,0.1397,0.0053,0.225531914893617,1.6144016814145814,1.0,0.0020170500000000003,1.1108269230769232,0.3897342260093326,0.03356554781507284,0.09976974880113566,0.13173517720342984,1
frozenset({'Organic Baby Spinach'}),frozenset({'Bag of Organic Bananas'}),0.0867,0.1397,0.0189,0.2179930795847751,1.5604372196476386,1.0,0.006788010000000001,1.1001181415929204,0.3932486239504744,0.0910843373493976,0.09100671810388829,0.17664149326411266,1
frozenset({'Organic Blueberries'}),frozenset({'Bag of Organic Bananas'}),0.0329,0.1397,0.0073,0.22188449848024316,1.5882927593431866,1.0,0.0027038700000000006,1.105619921875,0.382993641489951,0.044162129461585,0.09553004589125091,0.137069665131317,1
frozenset({'Organic Cilantro'}),frozenset({'Bag of Organic Bananas'}),0.0252,0.1397,0.0061,0.24206349206349206,1.7327379532103944,1.0,0.0025795600000000007,1.1350554973821991,0.4338107186341714,0.03841309823677582,0.11898580967510411,0.142864244242197,1
frozenset({'Organic Cucumber'}),frozenset({'Bag of Organic Bananas'}),0.0307,0.1397,0.0093,0.3029315960912052,2.1684437801804237,1.0,0.0050112099999999994,1.234168691588785,0.5559061022864299,0.05772811918063314,0.1897379938291354,0.18475141007137208,1
"frozenset({""Organic D'Anjou Pears""})",frozenset({'Bag of Organic Bananas'}),0.0186,0.1397,0.0051,0.2741935483870968,1.9627311981896696,1.0,0.0025015800000000006,1.1853022222222223,0.4998022033349717,0.03328981723237598,0.1563333120854316,0.15535017433671233,1
frozenset({'Organic Gala Apples'}),frozenset({'Bag of Organic Bananas'}),0.0268,0.1397,0.0072,0.26865671641791045,1.9230974689900535,1.0,0.00345604,1.1763285714285716,0.49322395761976534,0.04519774011299436,0.14989738046949952,0.16009786429342193,1
frozenset({'Organic Garlic'}),frozenset({'Bag of Organic Bananas'}),0.0455,0.1397,0.0085,0.18681318681318684,1.337245431733621,1.0,0.0021436500000000013,1.0579364864864866,0.26421594305611207,0.0481041312959819,0.05476367175774363,0.1238289269785333,1
frozenset({'Organic Garnet Sweet Potato (Yam)'}),frozenset({'Bag of Organic Bananas'}),0.0216,0.1397,0.0054,0.25,1.789549033643522,1.0,0.00238248,1.1470666666666667,0.4509403107113655,0.03463758819756254,0.12821108915494595,0.14432712956335003,1
frozenset({'Organic Granny Smith Apple'}),frozenset({'Bag of Organic Bananas'}),0.0243,0.1397,0.0058,0.23868312757201646,1.708540641174062,1.0,0.00240529,1.1300156756756758,0.42503348612667124,0.03666245259165613,0.11505652397072702,0.14010033257627308,1
frozenset({'Organic Grape Tomatoes'}),frozenset({'Bag of Organic Bananas'}),0.0303,0.1397,0.007,0.23102310231023102,1.6537086779544097,1.0,0.0027670900000000007,1.1187592274678113,0.4076503778782835,0.04294478527607363,0.10615262386403698,0.14056523762612483,1
frozenset({'Bag of Organic Bananas'}),frozenset({'Organic Hass Avocado'}),0.1397,0.086,0.0261,0.1868289191123837,2.1724292920044617,1.0,0.014085800000000004,1.1239947183098593,0.6273228219862714,0.1307615230460922,0.11031610406168894,0.2451586456027035,1
frozenset({'Organic Hass Avocado'}),frozenset({'Bag of Organic Bananas'}),0.086,0.1397,0.0261,0.3034883720930233,2.172429292004462,1.0,0.014085800000000004,1.2351552587646077,0.5904658903225267,0.1307615230460922,0.190385182021415,0.2451586456027035,1
frozenset({'Organic Kiwi'}),frozenset({'Bag of Organic Bananas'}),0.0226,0.1397,0.0062,0.2743362831858407,1.963752921874307,1.0,0.00304278,1.1855353658536587,0.5021188538386899,0.03971812940422806,0.15649922490508042,0.15935854961010001,1
frozenset({'Organic Lacinato (Dinosaur) Kale'}),frozenset({'Bag of Organic Bananas'}),0.0199,0.1397,0.0055,0.27638190954773867,1.978395916590828,1.0,0.0027199699999999995,1.1888868055555557,0.5045811651872257,0.035691109669046074,0.15887703074246037,0.15787599414394807,1
frozenset({'Organic Large Extra Fancy Fuji Apple'}),frozenset({'Bag of Organic Bananas'}),0.0296,0.1397,0.0082,0.27702702702702703,1.9830137940374162,1.0,0.004064880000000001,1.189947663551402,0.5108378742484869,0.05090006207324644,0.1596269057619749,0.16786211766526726,1
frozenset({'Organic Lemon'}),frozenset({'Bag of Organic Bananas'}),0.0329,0.1397,0.0075,0.22796352583586627,1.6318076294621782,1.0,0.0029038700000000002,1.1143255905511813,0.4003543239237584,0.045427013930950944,0.10259621740772552,0.14082499842258597,1
frozenset({'Organic Milk'}),frozenset({'Bag of Organic Bananas'}),0.0119,0.1397,0.0051,0.42857142857142855,3.0677983433888945,1.0,0.00343757,1.5055250000000002,0.6821509293931114,0.0348122866894198,0.3357798774513873,0.2325391144288782,1
frozenset({'Organic Navel Orange'}),frozenset({'Bag of Organic Bananas'}),0.0178,0.1397,0.0052,0.29213483146067415,2.0911584213362504,1.0,0.00271334,1.2153444444444446,0.5312524474100528,0.034143138542350626,0.17718799425860066,0.1646787256802297,1
frozenset({'Organic Raspberries'}),frozenset({'Bag of Organic Bananas'}),0.058,0.1397,0.018,0.31034482758620685,2.2215091452126474,1.0,0.009897399999999999,1.247435,0.5837107808445388,0.10016694490818029,0.19835502451029507,0.2195961790042702,1
frozenset({'Organic Red Bell Pepper'}),frozenset({'Bag of Organic Bananas'}),0.0247,0.1397,0.0073,0.29554655870445345,2.1155802341048924,1.0,0.00384941,1.2212304597701151,0.5406710123614933,0.04646721833227244,0.18115373556254033,0.17390069524342214,1
frozenset({'Organic Small Bunch Celery'}),frozenset({'Bag of Organic Bananas'}),0.0256,0.1397,0.0059,0.23046874999999997,1.6497405153901217,1.0,0.00232368,1.117953299492386,0.40419136678634043,0.037013801756587195,0.10550825293502264,0.13635105359699354,1
frozenset({'Bag of Organic Bananas'}),frozenset({'Organic Strawberries'}),0.1397,0.1004,0.023,0.16463851109520403,1.6398258077211556,1.0,0.00897412,1.076899057412168,0.45353845220827926,0.10594196222938738,0.07140786026590043,0.19686108821692472,1
frozenset({'Organic Strawberries'}),frozenset({'Bag of Organic Bananas'}),0.1004,0.1397,0.023,0.2290836653386454,1.6398258077211556,1.0,0.00897412,1.1159447028423775,0.4337251338759256,0.10594196222938738,0.10389825100388865,0.19686108821692472,1
frozenset({'Organic Tomato Cluster'}),frozenset({'Bag of Organic Bananas'}),0.0225,0.1397,0.0051,0.22666666666666668,1.6225244571701267,1.0,0.0019567500000000006,1.1124568965517243,0.392507898299985,0.03246339910884787,0.10108876748421096,0.13158673347649727,1
frozenset({'Organic Unsweetened Almond Milk'}),frozenset({'Bag of Organic Bananas'}),0.024,0.1397,0.0056,0.23333333333333334,1.670245764733954,1.0,0.0022472,1.1221304347826089,0.4111533957845433,0.03542061986084757,0.10883800224727809,0.1367096158434741,1
frozenset({'Organic Whole Milk'}),frozenset({'Bag of Organic Bananas'}),0.0571,0.1397,0.0109,0.19089316987740806,1.366450750733057,1.0,0.002923130000000001,1.0632712121212122,0.2844172915687598,0.05863367401828941,0.05950618374684188,0.1344587538721328,1
frozenset({'Organic Whole String Cheese'}),frozenset({'Bag of Organic Bananas'}),0.0263,0.1397,0.0072,0.2737642585551331,1.9596582573738948,1.0,0.00352589,1.1846015706806283,0.5029341115789714,0.045340050377833764,0.15583431193203892,0.16265163536203325,1
frozenset({'Organic Yellow Onion'}),frozenset({'Bag of Organic Bananas'}),0.044,0.1397,0.0085,0.1931818181818182,1.3828333441790852,1.0,0.0023532000000000015,1.066287323943662,0.2895889736647799,0.04851598173515983,0.06216647469698734,0.12701324266284897,1
frozenset({'Organic Zucchini'}),frozenset({'Bag of Organic Bananas'}),0.0434,0.1397,0.0098,0.22580645161290322,1.6163668690973747,1.0,0.0037370199999999998,1.1112208333333335,0.39862907320569874,0.05654933641084824,0.10008886622446032,0.14797838686586465,1
frozenset({'Original Hummus'}),frozenset({'Bag of Organic Bananas'}),0.027,0.1397,0.0052,0.1925925925925926,1.3786155518438985,1.0,0.0014280999999999999,1.0655091743119267,0.28225551426990275,0.032198142414860687,0.061481567584089965,0.11490760624618893,1
frozenset({'Seedless Red Grapes'}),frozenset({'Bag of Organic Bananas'}),0.0291,0.1397,0.005,0.1718213058419244,1.2299306073151353,1.0,0.0009347299999999999,1.0387854771784233,0.19254918117210834,0.030525030525030524,0.037337330979802866,0.10380614325739743,1
frozenset({'Blueberries'}),frozenset({'Banana'}),0.0217,0.1747,0.0066,0.30414746543778803,1.7409700368505325,1.0,0.00280901,1.186027152317881,0.43504811996072346,0.03477344573234984,0.15684898271875444,0.1709632576187223,1
frozenset({'Boneless Skinless Chicken Breasts'}),frozenset({'Banana'}),0.0191,0.1747,0.0079,0.4136125654450262,2.367559046622932,1.0,0.0045632300000000015,1.4074312500000001,0.5888714962105327,0.04249596557288865,0.28948572088334695,0.2294164716177621,1
frozenset({'Broccoli Crown'}),frozenset({'Banana'}),0.0153,0.1747,0.0051,0.33333333333333337,1.9080328181644728,1.0,0.0024270900000000007,1.23795,0.48329440438712307,0.027582477014602487,0.192212932670948,0.1812631177256249,1
frozenset({'Carrots'}),frozenset({'Banana'}),0.0248,0.1747,0.0059,0.23790322580645162,1.3617814871577083,1.0,0.0015674399999999998,1.0829333333333333,0.27242390956744206,0.030475206611570247,0.07658212262989413,0.1358377033439814,1
frozenset({'Cucumber Kirby'}),frozenset({'Banana'}),0.032,0.1747,0.0123,0.384375,2.2002003434459074,1.0,0.0067096000000000005,1.3405888324873096,0.5635288584290802,0.06327160493827161,0.2540591300133285,0.22739070549513452,1
frozenset({'Fresh Cauliflower'}),frozenset({'Banana'}),0.0277,0.1747,0.0053,0.19133574007220217,1.0952246140366466,1.0,0.00046081000000000073,1.0205718750000001,0.0894222801798499,0.02688990360223237,0.020157203528658876,0.11083673094050864,1
frozenset({'Grape White/Green Seedless'}),frozenset({'Banana'}),0.017,0.1747,0.0053,0.31176470588235294,1.7845718711067713,1.0,0.0023301,1.1991538461538462,0.44724466880362385,0.028433476394849787,0.16607864519853743,0.17105121384558403,1
frozenset({'Half & Half'}),frozenset({'Banana'}),0.0283,0.1747,0.007,0.24734982332155478,1.4158547413941316,1.0,0.0020559900000000006,1.096525352112676,0.302267013628545,0.03571428571428572,0.08802838158433876,0.14370925625150435,1
frozenset({'Honeycrisp Apple'}),frozenset({'Banana'}),0.0285,0.1747,0.0096,0.33684210526315783,1.9281173741451507,1.0,0.004621049999999999,1.2445,0.4954805712815233,0.04958677685950413,0.1964644435516271,0.19589672521314733,1
frozenset({'Large Lemon'}),frozenset({'Banana'}),0.0536,0.1747,0.0166,0.30970149253731344,1.7727618347871406,1.0,0.007236080000000001,1.1955697297297296,0.460596400818829,0.07841284837033538,0.163578689612642,0.20236076344095208,1
frozenset({'Limes'}),frozenset({'Banana'}),0.0513,0.1747,0.0132,0.2573099415204678,1.4728674385831015,1.0,0.004237890000000001,1.1112307086614173,0.3384128520367585,0.06203007518796993,0.1000968635895648,0.16643402055989048,1
frozenset({'Michigan Organic Kale'}),frozenset({'Banana'}),0.0243,0.1747,0.0068,0.27983539094650206,1.6018053288294336,1.0,0.0025547900000000004,1.1459880000000002,0.38506140387896476,0.035379812695109265,0.12739051368775242,0.15937963021852863,1
frozenset({'Organic Avocado'}),frozenset({'Banana'}),0.063,0.1747,0.0224,0.35555555555555557,2.0352350060421043,1.0,0.0113939,1.2806379310344829,0.5428561899679829,0.10404087320018579,0.219139168248583,0.24188768046810405,1
frozenset({'Organic Baby Arugula'}),frozenset({'Banana'}),0.0271,0.1747,0.0053,0.1955719557195572,1.1194731294765725,1.0,0.0005656300000000001,1.0259463302752294,0.10969538648312673,0.02697201017811705,0.025290143850184438,0.11295483876418616,1
frozenset({'Organic Baby Carrots'}),frozenset({'Banana'}),0.0235,0.1747,0.0065,0.2765957446808511,1.5832612746471155,1.0,0.0023945499999999996,1.1408558823529413,0.3772578675804482,0.03390714658320292,0.12346509715358182,0.15690119231752914,1
frozenset({'Organic Baby Spinach'}),frozenset({'Banana'}),0.0867,0.1747,0.022,0.2537485582468281,1.4524817300906019,1.0,0.00685351,1.1059275115919631,0.3410962244806546,0.09189640768588138,0.09578160456419257,0.18983936212284164,1
frozenset({'Organic Blackberries'}),frozenset({'Banana'}),0.0244,0.1747,0.0055,0.22540983606557374,1.2902680942505653,1.0,0.0012373199999999992,1.0654666666666666,0.23059376048305924,0.028409090909090908,0.06144412464022022,0.12844618878264377,1
frozenset({'Organic Blueberries'}),frozenset({'Banana'}),0.0329,0.1747,0.0072,0.2188449848024316,1.2526902392812342,1.0,0.0014523700000000006,1.0565124513618678,0.20858034903893666,0.03592814371257485,0.05348962171626272,0.13002924683739212,1
frozenset({'Organic Cilantro'}),frozenset({'Banana'}),0.0252,0.1747,0.0055,0.21825396825396823,1.249307202369595,1.0,0.00109756,1.0557137055837564,0.20471518633192826,0.028292181069958847,0.05277349842962345,0.12486825487684101,1
frozenset({'Organic Fuji Apple'}),frozenset({'Banana'}),0.0298,0.1747,0.0122,0.40939597315436244,2.3434228572087146,1.0,0.006993940000000001,1.3973829545454546,0.5908820557532501,0.06344253770150807,0.2843765578024505,0.23961498714959106,1
frozenset({'Organic Gala Apples'}),frozenset({'Banana'}),0.0268,0.1747,0.0056,0.208955223880597,1.1960802740732515,1.0,0.0009180400000000002,1.0433037735849056,0.16845017908519763,0.02858601327207759,0.04150639025881136,0.12050508761288008,1
frozenset({'Organic Garlic'}),frozenset({'Banana'}),0.0455,0.1747,0.0084,0.1846153846153846,1.0567566377526307,1.0,0.0004511499999999991,1.0121603773584906,0.056268552470752464,0.03966005665722379,0.012014279189851694,0.11634890581656465,1
frozenset({'Organic Granny Smith Apple'}),frozenset({'Banana'}),0.0243,0.1747,0.0061,0.25102880658436216,1.4369136038028745,1.0,0.0018547900000000011,1.1019115384615386,0.3116367063915442,0.031622602384655266,0.09248613423526253,0.14297290357838602,1
frozenset({'Organic Grape Tomatoes'}),frozenset({'Banana'}),0.0303,0.1747,0.0068,0.22442244224422442,1.2846161548038033,1.0,0.0015065899999999995,1.0641102127659576,0.22848030621963125,0.034308779011099896,0.060247718701350324,0.1316731558673898,1
frozenset({'Organic Half & Half'}),frozenset({'Banana'}),0.027,0.1747,0.0064,0.23703703703703705,1.3568233373614027,1.0,0.0016831000000000007,1.0817038834951458,0.27028198869475856,0.03277009728622632,0.07553257850119599,0.13683563357289746,1
frozenset({'Organic Hass Avocado'}),frozenset({'Banana'}),0.086,0.1747,0.0129,0.15000000000000002,0.8586147681740127,1.0,-0.002124199999999998,0.9709411764705883,-0.1526576019777502,0.05205811138014528,-0.029928510844541345,0.11192043503148255,1
frozenset({'Organic Large Extra Fancy Fuji Apple'}),frozenset({'Banana'}),0.0296,0.1747,0.0066,0.22297297297297297,1.276319249988397,1.0,0.0014288799999999996,1.0621252173913045,0.22310075195483267,0.033383915022761765,0.05849142490363865,0.13037601138631477,1
frozenset({'Organic Peeled Whole Baby Carrots'}),frozenset({'Banana'}),0.0176,0.1747,0.005,0.28409090909090906,1.6261643336629026,1.0,0.0019252800000000001,1.1528,0.3919543973941368,0.026695141484249868,0.13254684247050655,0.15635570068168808,1
frozenset({'Organic Raspberries'}),frozenset({'Banana'}),0.058,0.1747,0.0093,0.16034482758620688,0.9178295797722203,1.0,-0.000832600000000001,0.9829034907597537,-0.08679064337238888,0.04162936436884512,-0.01739388393771127,0.10678947160649783,1
frozenset({'Organic Red Bell Pepper'}),frozenset({'Banana'}),0.0247,0.1747,0.0054,0.21862348178137653,1.251422334180747,1.0,0.0010849100000000006,1.0562129533678757,0.2059973949136259,0.027835051546391754,0.053221230802588795,0.12476680671782049,1
frozenset({'Organic Red Onion'}),frozenset({'Banana'}),0.026,0.1747,0.0054,0.2076923076923077,1.1888512174717099,1.0,0.0008578000000000006,1.0416407766990292,0.1630922503612443,0.027649769585253458,0.039976139212780454,0.11930121967328608,1
frozenset({'Organic Small Bunch Celery'}),frozenset({'Banana'}),0.0256,0.1747,0.0052,0.20312499999999997,1.1627074985689754,1.0,0.0007276799999999996,1.0356705882352941,0.14361500568397112,0.02665299846232701,0.03444202108324243,0.11644515598168287,1
frozenset({'Organic Strawberries'}),frozenset({'Banana'}),0.1004,0.1747,0.0236,0.23505976095617528,1.345505214402835,1.0,0.006060119999999999,1.0789078125,0.2854432478465005,0.09383697813121272,0.07313675143120718,0.18507424224110997,1
frozenset({'Organic Whole Milk'}),frozenset({'Banana'}),0.0571,0.1747,0.0158,0.27670753064798603,1.5839011485288268,1.0,0.0058246300000000025,1.1410322033898306,0.3909719677107122,0.07314814814814816,0.12360054604142255,0.18357414311449102,1
frozenset({'Organic Whole String Cheese'}),frozenset({'Banana'}),0.0263,0.1747,0.0065,0.247148288973384,1.41470113894324,1.0,0.0019053899999999999,1.0962318181818183,0.30105466065207254,0.03341902313624679,0.08778418632422635,0.14217746446379562,1
frozenset({'Organic Zucchini'}),frozenset({'Banana'}),0.0434,0.1747,0.0093,0.21428571428571427,1.2265925259628752,1.0,0.001718019999999999,1.0503818181818183,0.19311450275280498,0.04454022988505747,0.047965242076474346,0.13375991495625153,1
frozenset({'Original Hummus'}),frozenset({'Banana'}),0.027,0.1747,0.0081,0.3,1.7172295363480252,1.0,0.0033831,1.179,0.4292565947242207,0.04183884297520661,0.15182357930449533,0.17318259874069833,1
frozenset({'Red Peppers'}),frozenset({'Banana'}),0.0189,0.1747,0.0061,0.3227513227513228,1.847460347746553,1.0,0.0027981700000000004,1.2186070312500001,0.46755314793866376,0.03253333333333334,0.179390915729217,0.17883416166186633,1
frozenset({'Red Vine Tomato'}),frozenset({'Banana'}),0.0204,0.1747,0.0068,0.3333333333333333,1.9080328181644723,1.0,0.0032361199999999994,1.2379499999999999,0.48581053491220905,0.036112586298459905,0.1922129326709479,0.18612860141194426,1
frozenset({'Roma Tomato'}),frozenset({'Banana'}),0.0126,0.1747,0.005,0.3968253968253968,2.271467640671991,1.0,0.0027987800000000003,1.3682605263157894,0.566898926473567,0.027427317608337907,0.2691450343213338,0.21272294454893195,1
frozenset({'Seedless Red Grapes'}),frozenset({'Banana'}),0.0291,0.1747,0.0092,0.3161512027491409,1.8096806110425925,1.0,0.00411623,1.2068457286432162,0.46082635116677945,0.047276464542651594,0.1713936783583435,0.18440645426524016,1
frozenset({'Small Hass Avocado'}),frozenset({'Banana'}),0.0181,0.1747,0.006,0.3314917127071823,1.897491200384558,1.0,0.00283793,1.2345396694214876,0.48170723427368706,0.032119914346895075,0.1899814766838511,0.1829181517170714,1
frozenset({'Sparkling Water Grapefruit'}),frozenset({'Banana'}),0.0261,0.1747,0.0068,0.26053639846743293,1.491335995806714,1.0,0.0022403299999999996,1.116079274611399,0.33828965408937983,0.03505154639175258,0.10400629888214338,0.1497301339789941,1
frozenset({'Strawberries'}),frozenset({'Banana'}),0.0459,0.1747,0.017,0.37037037037037035,2.1200364646271916,1.0,0.008981270000000001,1.310770588235294,0.5537260245257312,0.08349705304518665,0.23708999196700636,0.23384002204837923,1
frozenset({'Yellow Onions'}),frozenset({'Banana'}),0.0231,0.1747,0.007,0.30303030303030304,1.7345752892404296,1.0,0.0029644300000000005,1.1841260869565218,0.43350394103797735,0.03668763102725367,0.15549533870144558,0.1715494961058785,1
frozenset({'Cucumber Kirby'}),frozenset({'Large Lemon'}),0.032,0.0536,0.0063,0.196875,3.6730410447761193,1.0,0.0045848,1.1783968871595332,0.7518037518037519,0.0794451450189155,0.15138947590870666,0.1572061567164179,1
frozenset({'Cucumber Kirby'}),frozenset({'Organic Baby Spinach'}),0.032,0.0867,0.0063,0.196875,2.2707612456747404,1.0,0.0035256,1.137182879377432,0.5781188508461236,0.05604982206405694,0.1206339647432388,0.13476967993079586,1
frozenset({'Limes'}),frozenset({'Large Lemon'}),0.0513,0.0536,0.0109,0.21247563352826512,3.9640976404527075,1.0,0.008150319999999999,1.2017405940594061,0.7881688413792702,0.11595744680851064,0.1678736618007873,0.2079169212417445,1
frozenset({'Large Lemon'}),frozenset({'Limes'}),0.0536,0.0513,0.0109,0.20335820895522388,3.9640976404527075,1.0,0.008150319999999999,1.1908740046838409,0.7900842982000356,0.11595744680851064,0.16028060393720236,0.2079169212417445,1
frozenset({'Large Lemon'}),frozenset({'Organic Avocado'}),0.0536,0.063,0.0089,0.16604477611940296,2.6356313669746503,1.0,0.0055232,1.1235615212527965,0.6557314768205001,0.08263695450324976,0.10997308017012056,0.15365730869462213,1
frozenset({'Limes'}),frozenset({'Organic Avocado'}),0.0513,0.063,0.0086,0.1676413255360624,2.6609734212073395,1.0,0.005368100000000001,1.1257166276346604,0.6579505369649042,0.08136234626300852,0.11167697495844439,0.15207463102199945,1
frozenset({'Limes'}),frozenset({'Organic Baby Spinach'}),0.0513,0.0867,0.008,0.15594541910331386,1.7986784210301483,1.0,0.0035522900000000005,1.0820390300230947,0.4680470644039212,0.061538461538461535,0.07581891941674572,0.12410881105108024,1
frozenset({'Organic Cilantro'}),frozenset({'Limes'}),0.0252,0.0513,0.0075,0.2976190476190476,5.801540889260187,1.0,0.006207239999999999,1.3506915254237288,0.8490274928190398,0.10869565217391303,0.2596385028133737,0.22190893901420217,1
frozenset({'Limes'}),frozenset({'Organic Hass Avocado'}),0.0513,0.086,0.008,0.15594541910331386,1.8133188267827194,1.0,0.0035882000000000006,1.0828683602771363,0.47277853905344164,0.06187161639597836,0.0765267167432318,0.12448433745863369,1
frozenset({'Limes'}),frozenset({'Organic Strawberries'}),0.0513,0.1004,0.0079,0.15399610136452244,1.5338257108020164,1.0,0.002749480000000001,1.063352073732719,0.36685511019076084,0.05493741307371349,0.05957770271734375,0.11634068016433294,1
frozenset({'Michigan Organic Kale'}),frozenset({'Organic Baby Spinach'}),0.0243,0.0867,0.0059,0.24279835390946503,2.8004423749649945,1.0,0.00379319,1.2061516304347826,0.6589254477011725,0.056137012369172214,0.17091684431125043,0.1554245518105572,1
frozenset({'Organic Avocado'}),frozenset({'Organic Baby Spinach'}),0.063,0.0867,0.0119,0.1888888888888889,2.1786492374727673,1.0,0.006437900000000001,1.125986301369863,0.5773745997865528,0.08635703918722787,0.11188972833558405,0.16307189542483663,1
frozenset({'Organic Blueberries'}),frozenset({'Organic Baby Spinach'}),0.0329,0.0867,0.0051,0.15501519756838908,1.7879492222420885,1.0,0.0022475700000000004,1.0808478417266187,0.4556922758763314,0.04454148471615721,0.074800391512525,0.1069193634900769,1
frozenset({'Organic Cucumber'}),frozenset({'Organic Baby Spinach'}),0.0307,0.0867,0.0074,0.24104234527687296,2.7801885268382116,1.0,0.004738310000000001,1.2033609442060085,0.6605923472218738,0.06727272727272728,0.16899413695047955,0.16319706652540303,1
frozenset({'Organic Garlic'}),frozenset({'Organic Baby Spinach'}),0.0455,0.0867,0.0085,0.18681318681318684,2.1547080370609786,1.0,0.004555150000000001,1.1231121621621623,0.5614457831325301,0.06871463217461603,0.10961697888228057,0.14242620124973068,1
frozenset({'Organic Garnet Sweet Potato (Yam)'}),frozenset({'Organic Baby Spinach'}),0.0216,0.0867,0.005,0.23148148148148148,2.669913281216626,1.0,0.00312728,1.1883903614457831,0.6392641046606704,0.0484027105517909,0.15852565584307618,0.1445758041778803,1
frozenset({'Organic Grape Tomatoes'}),frozenset({'Organic Baby Spinach'}),0.0303,0.0867,0.0067,0.22112211221122113,2.5504280531859416,1.0,0.00407299,1.1725843220338983,0.626904150999155,0.06074342701722575,0.14718286675924794,0.14920004111137758,1
frozenset({'Organic Baby Spinach'}),frozenset({'Organic Hass Avocado'}),0.0867,0.086,0.0144,0.16608996539792387,1.9312786674177196,1.0,0.0069438,1.0960414937759337,0.5279845979780284,0.09096651926721415,0.08762578271107645,0.16676591293152007,1
frozenset({'Organic Hass Avocado'}),frozenset({'Organic Baby Spinach'}),0.086,0.0867,0.0144,0.16744186046511628,1.9312786674177194,1.0,0.0069438,1.0969804469273743,0.5275802334062728,0.09096651926721415,0.08840672338236755,0.16676591293152007,1
frozenset({'Organic Large Extra Fancy Fuji Apple'}),frozenset({'Organic Baby Spinach'}),0.0296,0.0867,0.0053,0.17905405405405406,2.065214002930266,1.0,0.00273368,1.1124971193415638,0.5315217222230864,0.047747747747747746,0.10112126798867191,0.12009219427039497,1
frozenset({'Organic Lemon'}),frozenset({'Organic Baby Spinach'}),0.0329,0.0867,0.0052,0.1580547112462006,1.823007050129188,1.0,0.0023475699999999998,1.0847498194945848,0.4668139481240505,0.04545454545454545,0.07812844765816336,0.10901582159772544,1
frozenset({'Organic Small Bunch Celery'}),frozenset({'Organic Baby Spinach'}),0.0256,0.0867,0.0056,0.21875,2.523068050749712,1.0,0.00338048,1.169024,0.6195167722261318,0.05248359887535145,0.14458556881638016,0.1416702710495963,1
frozenset({'Organic Yellow Onion'}),frozenset({'Organic Baby Spinach'}),0.044,0.0867,0.0095,0.2159090909090909,2.4903009332075077,1.0,0.0056852,1.1647884057971014,0.6259854657564413,0.07838283828382839,0.14147497088480337,0.16274116598511063,1
frozenset({'Organic Zucchini'}),frozenset({'Organic Baby Spinach'}),0.0434,0.0867,0.0092,0.2119815668202765,2.4450007707067645,1.0,0.0054372199999999996,1.1589830409356725,0.6178153605614086,0.076095947063689,0.13717460508078014,0.15904730013447504,1
frozenset({'Original Hummus'}),frozenset({'Organic Baby Spinach'}),0.027,0.0867,0.0053,0.1962962962962963,2.264086462471699,1.0,0.0029591,1.136364055299539,0.5738137253000835,0.0488929889298893,0.12000032442384354,0.1287133153915161,1
frozenset({'Organic Blackberries'}),frozenset({'Organic Raspberries'}),0.0244,0.058,0.0062,0.25409836065573765,4.381006218202373,1.0,0.0047848,1.2629010989010987,0.7910433943049108,0.08136482939632546,0.20817235738401027,0.1804974561899378,1
frozenset({'Organic Blueberries'}),frozenset({'Organic Hass Avocado'}),0.0329,0.086,0.0053,0.16109422492401215,1.8731886619071183,1.0,0.0024706000000000003,1.0895144927536233,0.4820090408398578,0.04665492957746479,0.08215998350548376,0.11136106595037817,1
frozenset({'Organic Blueberries'}),frozenset({'Organic Raspberries'}),0.0329,0.058,0.0058,0.1762917933130699,3.03951367781155,1.0,0.0038917999999999995,1.1436088560885609,0.6938269051804363,0.0681551116333725,0.1255751521370169,0.13814589665653496,1
frozenset({'Organic Blueberries'}),frozenset({'Organic Strawberries'}),0.0329,0.1004,0.0071,0.2158054711246201,2.1494568837113555,1.0,0.0037968400000000005,1.1471643410852714,0.5529585329160362,0.056259904912836764,0.12828531694599832,0.14326130129936185,1
frozenset({'Organic Cucumber'}),frozenset({'Organic Hass Avocado'}),0.0307,0.086,0.0068,0.22149837133550487,2.5755624573895917,1.0,0.0041598,1.174050209205021,0.6311103828718116,0.06187443130118289,0.14824767104541015,0.15028406938868266,1
frozenset({'Organic Cucumber'}),frozenset({'Organic Strawberries'}),0.0307,0.1004,0.0051,0.16612377850162866,1.6546193077851459,1.0,0.00201772,1.0788171874999999,0.40816194423709856,0.04047619047619048,0.07305889117566547,0.10846029562531632,1
frozenset({'Organic Garlic'}),frozenset({'Organic Hass Avocado'}),0.0455,0.086,0.0082,0.18021978021978025,2.0955788397648867,1.0,0.004287000000000001,1.1149329758713138,0.5477264306430388,0.0665044606650446,0.10308509870873113,0.13778430871454128,1
frozenset({'Organic Small Bunch Celery'}),frozenset({'Organic Garlic'}),0.0256,0.0455,0.0052,0.20312499999999997,4.4642857142857135,1.0,0.004035199999999999,1.1978039215686274,0.7963875205254514,0.07890743550834597,0.16513881613410158,0.15870535714285713,1
frozenset({'Organic Garlic'}),frozenset({'Organic Yellow Onion'}),0.0455,0.044,0.0103,0.22637362637362637,5.144855144855145,1.0,0.008298,1.2357386363636362,0.8440346442757097,0.13005050505050506,0.1907673916042117,0.23023226773226774,1
frozenset({'Organic Yellow Onion'}),frozenset({'Organic Garlic'}),0.044,0.0455,0.0103,0.2340909090909091,5.144855144855145,1.0,0.008298,1.2462314540059347,0.8427103221351099,0.13005050505050506,0.19758083718272298,0.23023226773226774,1
frozenset({'Organic Grape Tomatoes'}),frozenset({'Organic Hass Avocado'}),0.0303,0.086,0.0056,0.1848184818481848,2.149052114513777,1.0,0.0029942000000000002,1.1212226720647773,0.5513855537058591,0.05058717253839205,0.10811650092799213,0.12496738045897612,1
frozenset({'Organic Grape Tomatoes'}),frozenset({'Organic Strawberries'}),0.0303,0.1004,0.0066,0.21782178217821782,2.1695396631296595,1.0,0.00355788,1.1501215189873417,0.555917012759335,0.053182917002417396,0.13052665871300337,0.14177941698552327,1
frozenset({'Organic Large Extra Fancy Fuji Apple'}),frozenset({'Organic Hass Avocado'}),0.0296,0.086,0.0056,0.18918918918918917,2.1998742928975488,1.0,0.0030544,1.1272666666666666,0.5620657166411495,0.05090909090909091,0.1128984564433142,0.1271527341294783,1
frozenset({'Organic Lemon'}),frozenset({'Organic Hass Avocado'}),0.0329,0.086,0.0089,0.270516717325228,3.1455432247119535,1.0,0.006070600000000001,1.2529416666666666,0.7052940622897834,0.08090909090909092,0.20187824652650763,0.1870025447091256,1
frozenset({'Organic Raspberries'}),frozenset({'Organic Hass Avocado'}),0.058,0.086,0.011,0.1896551724137931,2.2052927024859663,1.0,0.006011999999999999,1.1279148936170214,0.5801968731905037,0.08270676691729324,0.11340828491662265,0.15878107457898957,1
frozenset({'Organic Red Bell Pepper'}),frozenset({'Organic Hass Avocado'}),0.0247,0.086,0.0057,0.23076923076923078,2.683363148479428,1.0,0.0035758000000000005,1.1882000000000001,0.6432208892990192,0.05428571428571429,0.15839084329237504,0.14852415026833632,1
frozenset({'Organic Red Onion'}),frozenset({'Organic Hass Avocado'}),0.026,0.086,0.0052,0.2,2.3255813953488373,1.0,0.002964,1.1425,0.5852156057494867,0.04868913857677903,0.12472647702407004,0.13023255813953488,1
frozenset({'Organic Strawberries'}),frozenset({'Organic Hass Avocado'}),0.1004,0.086,0.0169,0.16832669322709162,1.9572871305475772,1.0,0.008265599999999998,1.0989892215568862,0.5436735853673296,0.09970501474926252,0.0900729685197939,0.18241916056703417,1
frozenset({'Organic Hass Avocado'}),frozenset({'Organic Strawberries'}),0.086,0.1004,0.0169,0.19651162790697674,1.957287130547577,1.0,0.008265599999999998,1.1196179450072359,0.5351080496678879,0.09970501474926252,0.10683818131055663,0.18241916056703417,1
frozenset({'Organic Tomato Cluster'}),frozenset({'Organic Hass Avocado'}),0.0225,0.086,0.005,0.22222222222222224,2.583979328165375,1.0,0.003065,1.1751428571428573,0.6271099744245524,0.048309178743961366,0.1490396304400681,0.1401808785529716,1
frozenset({'Organic Yellow Onion'}),frozenset({'Organic Hass Avocado'}),0.044,0.086,0.0085,0.1931818181818182,2.2463002114164907,1.0,0.0047160000000000014,1.1328450704225352,0.5803593403888754,0.06995884773662552,0.117266759498707,0.14600951374207188,1
frozenset({'Organic Zucchini'}),frozenset({'Organic Hass Avocado'}),0.0434,0.086,0.0077,0.1774193548387097,2.063015753938485,1.0,0.0039676,1.111137254901961,0.5386501435006557,0.06327033689400165,0.10002117597233008,0.13347711927981998,1
frozenset({'Organic Kiwi'}),frozenset({'Organic Strawberries'}),0.0226,0.1004,0.0064,0.28318584070796465,2.8205761026689706,1.0,0.00413096,1.2549975308641974,0.6603872518927767,0.054888507718696404,0.2031856833125441,0.1734654303141417,1
frozenset({'Organic Large Extra Fancy Fuji Apple'}),frozenset({'Organic Strawberries'}),0.0296,0.1004,0.0061,0.20608108108108109,2.052600409174114,1.0,0.00312816,1.1331131914893617,0.5284553944292028,0.04923325262308313,0.11747563481667529,0.13341902659631744,1
frozenset({'Organic Lemon'}),frozenset({'Organic Strawberries'}),0.0329,0.1004,0.0062,0.1884498480243161,1.8769905181704791,1.0,0.00289684,1.1084958801498126,0.4831271410035324,0.04878048780487805,0.09787666521155637,0.12510141803606242,1
frozenset({'Organic Raspberries'}),frozenset({'Organic Strawberries'}),0.058,0.1004,0.0143,0.24655172413793103,2.455694463525209,1.0,0.0084768,1.1939771167048054,0.6292815464789987,0.09923664122137404,0.1624630103800923,0.19449100151119658,1
frozenset({'Organic Small Bunch Celery'}),frozenset({'Organic Yellow Onion'}),0.0256,0.044,0.0055,0.21484374999999997,4.8828125,1.0,0.0043736,1.217592039800995,0.8160919540229885,0.0858034321372855,0.1787068514644351,0.169921875,1
frozenset({'Organic Whole Milk'}),frozenset({'Organic Strawberries'}),0.0571,0.1004,0.0114,0.19964973730297725,1.988543200228857,1.0,0.00566716,1.1240078774617068,0.5272237758464461,0.07802874743326489,0.11032651990104185,0.1565977770180225,1
frozenset({'Organic Whole String Cheese'}),frozenset({'Organic Strawberries'}),0.0263,0.1004,0.0066,0.2509505703422053,2.4995076727311285,1.0,0.00395948,1.2009888324873095,0.6161253077140927,0.054954204829308906,0.1673527905093434,0.158343811067517,1
frozenset({'Seedless Red Grapes'}),frozenset({'Organic Strawberries'}),0.0291,0.1004,0.0058,0.1993127147766323,1.9851864021576922,1.0,0.0028783599999999995,1.1235347639484978,0.511143233615451,0.04688763136620856,0.10995188392244586,0.12854081953971055,1
"frozenset({'Bag of Organic Bananas', 'Organic Strawberries'})",frozenset({'Organic Hass Avocado'}),0.023,0.086,0.007,0.30434782608695654,3.5389282103134483,1.0,0.005022,1.3138750000000001,0.7343178827313935,0.06862745098039218,0.23889258871658264,0.19287158746208294,1
"frozenset({'Bag of Organic Bananas', 'Organic Hass Avocado'})",frozenset({'Organic Strawberries'}),0.0261,0.1004,0.007,0.2681992337164751,2.6713071087298315,1.0,0.004379559999999999,1.229296335078534,0.6424185527994953,0.058577405857740586,0.1865264936821644,0.16896017462716184,1
"frozenset({'Organic Strawberries', 'Organic Hass Avocado'})",frozenset({'Bag of Organic Bananas'}),0.0169,0.1397,0.007,0.4142011834319527,2.964933310178617,1.0,0.00463907,1.4685929292929296,0.6741168606594301,0.046791443850267386,0.31907611697309396,0.23215427818698567,1
"frozenset({'Bag of Organic Bananas', 'Organic Strawberries'})",frozenset({'Organic Raspberries'}),0.023,0.058,0.0055,0.23913043478260868,4.122938530734632,1.0,0.0041659999999999996,1.2380571428571427,0.7752861263608448,0.0728476821192053,0.19228283947198374,0.1669790104947526,1
"frozenset({'Bag of Organic Bananas', 'Organic Raspberries'})",frozenset({'Organic Strawberries'}),0.018,0.1004,0.0055,0.3055555555555556,3.0433820274457726,1.0,0.0036927999999999996,1.295424,0.6837252360673949,0.048715677590788306,0.22805197371671365,0.18016821602478975,1
"frozenset({'Organic Raspberries', 'Organic Strawberries'})",frozenset({'Bag of Organic Bananas'}),0.0143,0.1397,0.0055,0.3846153846153846,2.753152359451572,1.0,0.00350229,1.3979875,0.646018058232728,0.037037037037037035,0.28468602187072484,0.21199273167777102,1
"frozenset({'Organic Baby Spinach', 'Banana'})",frozenset({'Organic Avocado'}),0.022,0.063,0.0053,0.24090909090909093,3.823953823953824,1.0,0.003914,1.23437125748503,0.7551028282594435,0.06649937264742786,0.18987096148248764,0.16251803751803753,1
"frozenset({'Organic Baby Spinach', 'Organic Avocado'})",frozenset({'Banana'}),0.0119,0.1747,0.0053,0.4453781512605042,2.5493883872953873,1.0,0.00322107,1.488040909090909,0.6150683702092639,0.029233314947600664,0.32797546499515834,0.23785793653465964,1
"frozenset({'Organic Avocado', 'Banana'})",frozenset({'Organic Baby Spinach'}),0.0224,0.0867,0.0053,0.23660714285714285,2.7290327895864226,1.0,0.0033579200000000003,1.1963695906432747,0.6480869592069914,0.051059730250481696,0.16413789867200576,0.14886873867193937,1
